Date,Holidays
24-Oct-05,Y
25-Oct-05,Y
26-Oct-05,Y
27-Oct-05,Y
28-Oct-05,Y
23-Oct-06,Y
24-Oct-06,Y
25-Oct-06,Y
26-Oct-06,Y
27-Oct-06,Y
22-Oct-07,Y
23-Oct-07,Y
24-Oct-07,Y
25-Oct-07,Y
26-Oct-07,Y
27-Oct-08,Y
28-Oct-08,Y
29-Oct-08,Y
30-Oct-08,Y
31-Oct-08,Y
26-Oct-09,Y
27-Oct-09,Y
28-Oct-09,Y
29-Oct-09,Y
30-Oct-09,Y
25-Oct-10,Y
26-Oct-10,Y
27-Oct-10,Y
28-Oct-10,Y
29-Oct-10,Y
30-Oct-10,Y
24-Oct-11,Y
25-Oct-11,Y
26-Oct-11,Y
27-Oct-11,Y
28-Oct-11,Y
29-Oct-12,Y
30-Oct-12,Y
31-Oct-12,Y
01-Nov-12,Y
02-Nov-12,Y
28-Oct-13,Y
29-Oct-13,Y
30-Oct-13,Y
31-Oct-13,Y
01-Nov-13,Y
27-Oct-14,Y
28-Oct-14,Y
29-Oct-14,Y
30-Oct-14,Y
31-Oct-14,Y
26-Oct-15,Y
27-Oct-15,Y
28-Oct-15,Y
29-Oct-15,Y
30-Oct-15,Y
24-Oct-16,Y
25-Oct-16,Y
26-Oct-16,Y
27-Oct-16,Y
28-Oct-16,Y
23-Oct-17,Y
24-Oct-17,Y
25-Oct-17,Y
26-Oct-17,Y
27-Oct-17,Y
16-Dec-05,Y
17-Dec-05,Y
18-Dec-05,Y
19-Dec-05,Y
20-Dec-05,Y
21-Dec-05,Y
22-Dec-05,Y
23-Dec-05,Y
24-Dec-05,Y
25-Dec-05,Y
26-Dec-05,Y
27-Dec-05,Y
28-Dec-05,Y
29-Dec-05,Y
30-Dec-05,Y
31-Dec-05,Y
01-Jan-06,Y
02-Jan-06,Y
03-Jan-06,Y
20-Dec-06,Y
21-Dec-06,Y
22-Dec-06,Y
23-Dec-06,Y
24-Dec-06,Y
25-Dec-06,Y
26-Dec-06,Y
27-Dec-06,Y
28-Dec-06,Y
29-Dec-06,Y
30-Dec-06,Y
31-Dec-06,Y
01-Jan-07,Y
02-Jan-07,Y
03-Jan-07,Y
21-Dec-07,Y
22-Dec-07,Y
23-Dec-07,Y
24-Dec-07,Y
25-Dec-07,Y
26-Dec-07,Y
27-Dec-07,Y
28-Dec-07,Y
29-Dec-07,Y
30-Dec-07,Y
31-Dec-07,Y
01-Jan-08,Y
02-Jan-08,Y
03-Jan-08,Y
04-Jan-08,Y
05-Jan-08,Y
06-Jan-08,Y
07-Jan-08,Y
19-Dec-08,Y
20-Dec-08,Y
21-Dec-08,Y
22-Dec-08,Y
23-Dec-08,Y
24-Dec-08,Y
25-Dec-08,Y
26-Dec-08,Y
27-Dec-08,Y
28-Dec-08,Y
29-Dec-08,Y
30-Dec-08,Y
31-Dec-08,Y
01-Jan-09,Y
02-Jan-09,Y
03-Jan-09,Y
04-Jan-09,Y
05-Jan-09,Y
18-Dec-09,Y
19-Dec-09,Y
20-Dec-09,Y
21-Dec-09,Y
22-Dec-09,Y
23-Dec-09,Y
24-Dec-09,Y
25-Dec-09,Y
26-Dec-09,Y
27-Dec-09,Y
28-Dec-09,Y
29-Dec-09,Y
30-Dec-09,Y
31-Dec-09,Y
01-Jan-10,Y
02-Jan-10,Y
03-Jan-10,Y
04-Jan-10,Y
18-Dec-10,Y
19-Dec-10,Y
20-Dec-10,Y
21-Dec-10,Y
22-Dec-10,Y
23-Dec-10,Y
24-Dec-10,Y
25-Dec-10,Y
26-Dec-10,Y
27-Dec-10,Y
28-Dec-10,Y
29-Dec-10,Y
30-Dec-10,Y
31-Dec-10,Y
01-Jan-11,Y
02-Jan-11,Y
03-Jan-11,Y
04-Jan-11,Y
16-Dec-11,Y
17-Dec-11,Y
18-Dec-11,Y
19-Dec-11,Y
20-Dec-11,Y
21-Dec-11,Y
22-Dec-11,Y
23-Dec-11,Y
24-Dec-11,Y
25-Dec-11,Y
26-Dec-11,Y
27-Dec-11,Y
28-Dec-11,Y
29-Dec-11,Y
30-Dec-11,Y
31-Dec-11,Y
01-Jan-12,Y
02-Jan-12,Y
03-Jan-12,Y
21-Dec-12,Y
22-Dec-12,Y
23-Dec-12,Y
24-Dec-12,Y
25-Dec-12,Y
26-Dec-12,Y
27-Dec-12,Y
28-Dec-12,Y
29-Dec-12,Y
30-Dec-12,Y
31-Dec-12,Y
01-Jan-13,Y
02-Jan-13,Y
03-Jan-13,Y
04-Jan-13,Y
05-Jan-13,Y
06-Jan-13,Y
07-Jan-13,Y
20-Dec-13,Y
21-Dec-13,Y
22-Dec-13,Y
23-Dec-13,Y
24-Dec-13,Y
25-Dec-13,Y
26-Dec-13,Y
27-Dec-13,Y
28-Dec-13,Y
29-Dec-13,Y
30-Dec-13,Y
31-Dec-13,Y
01-Jan-14,Y
02-Jan-14,Y
03-Jan-14,Y
04-Jan-14,Y
05-Jan-14,Y
06-Jan-14,Y
19-Dec-14,Y
20-Dec-14,Y
21-Dec-14,Y
22-Dec-14,Y
23-Dec-14,Y
24-Dec-14,Y
25-Dec-14,Y
26-Dec-14,Y
27-Dec-14,Y
28-Dec-14,Y
29-Dec-14,Y
30-Dec-14,Y
31-Dec-14,Y
01-Jan-15,Y
02-Jan-15,Y
03-Jan-15,Y
04-Jan-15,Y
05-Jan-15,Y
18-Dec-15,Y
19-Dec-15,Y
20-Dec-15,Y
21-Dec-15,Y
22-Dec-15,Y
23-Dec-15,Y
24-Dec-15,Y
25-Dec-15,Y
26-Dec-15,Y
27-Dec-15,Y
28-Dec-15,Y
29-Dec-15,Y
30-Dec-15,Y
31-Dec-15,Y
01-Jan-16,Y
02-Jan-16,Y
03-Jan-16,Y
04-Jan-16,Y
16-Dec-16,Y
17-Dec-16,Y
18-Dec-16,Y
19-Dec-16,Y
20-Dec-16,Y
21-Dec-16,Y
22-Dec-16,Y
23-Dec-16,Y
24-Dec-16,Y
25-Dec-16,Y
26-Dec-16,Y
27-Dec-16,Y
28-Dec-16,Y
29-Dec-16,Y
30-Dec-16,Y
31-Dec-16,Y
01-Jan-17,Y
02-Jan-17,Y
03-Jan-17,Y
15-Dec-17,Y
16-Dec-17,Y
17-Dec-17,Y
18-Dec-17,Y
19-Dec-17,Y
20-Dec-17,Y
21-Dec-17,Y
22-Dec-17,Y
23-Dec-17,Y
24-Dec-17,Y
25-Dec-17,Y
26-Dec-17,Y
27-Dec-17,Y
28-Dec-17,Y
29-Dec-17,Y
30-Dec-17,Y
31-Dec-17,Y
01-Jan-18,Y
02-Jan-18,Y
20-Feb-06,Y
21-Feb-06,Y
22-Feb-06,Y
23-Feb-06,Y
24-Feb-06,Y
12-Feb-07,Y
13-Feb-07,Y
14-Feb-07,Y
15-Feb-07,Y
16-Feb-07,Y
11-Feb-08,Y
12-Feb-08,Y
13-Feb-08,Y
14-Feb-08,Y
15-Feb-08,Y
16-Feb-09,Y
17-Feb-09,Y
18-Feb-09,Y
19-Feb-09,Y
20-Feb-09,Y
15-Feb-10,Y
16-Feb-10,Y
17-Feb-10,Y
18-Feb-10,Y
19-Feb-10,Y
21-Feb-11,Y
22-Feb-11,Y
23-Feb-11,Y
24-Feb-11,Y
25-Feb-11,Y
13-Feb-12,Y
14-Feb-12,Y
15-Feb-12,Y
16-Feb-12,Y
17-Feb-12,Y
18-Feb-13,Y
19-Feb-13,Y
20-Feb-13,Y
21-Feb-13,Y
22-Feb-13,Y
17-Feb-14,Y
18-Feb-14,Y
19-Feb-14,Y
20-Feb-14,Y
21-Feb-14,Y
16-Feb-15,Y
17-Feb-15,Y
18-Feb-15,Y
19-Feb-15,Y
20-Feb-15,Y
15-Feb-16,Y
16-Feb-16,Y
17-Feb-16,Y
18-Feb-16,Y
19-Feb-16,Y
13-Feb-17,Y
14-Feb-17,Y
15-Feb-17,Y
16-Feb-17,Y
17-Feb-17,Y
12-Feb-18,Y
13-Feb-18,Y
14-Feb-18,Y
15-Feb-18,Y
16-Feb-18,Y
07-Apr-06,Y
08-Apr-06,Y
09-Apr-06,Y
10-Apr-06,Y
11-Apr-06,Y
12-Apr-06,Y
13-Apr-06,Y
14-Apr-06,Y
15-Apr-06,Y
16-Apr-06,Y
17-Apr-06,Y
18-Apr-06,Y
19-Apr-06,Y
20-Apr-06,Y
21-Apr-06,Y
22-Apr-06,Y
23-Apr-06,Y
24-Apr-06,Y
30-Mar-07,Y
31-Mar-07,Y
01-Apr-07,Y
02-Apr-07,Y
03-Apr-07,Y
04-Apr-07,Y
05-Apr-07,Y
06-Apr-07,Y
07-Apr-07,Y
08-Apr-07,Y
09-Apr-07,Y
10-Apr-07,Y
11-Apr-07,Y
12-Apr-07,Y
13-Apr-07,Y
14-Apr-07,Y
15-Apr-07,Y
16-Apr-07,Y
20-Mar-08,Y
21-Mar-08,Y
22-Mar-08,Y
23-Mar-08,Y
24-Mar-08,Y
25-Mar-08,Y
26-Mar-08,Y
27-Mar-08,Y
28-Mar-08,Y
29-Mar-08,Y
30-Mar-08,Y
31-Mar-08,Y
01-Apr-08,Y
02-Apr-08,Y
03-Apr-08,Y
04-Apr-08,Y
05-Apr-08,Y
06-Apr-08,Y
07-Apr-08,Y
03-Apr-09,Y
04-Apr-09,Y
05-Apr-09,Y
06-Apr-09,Y
07-Apr-09,Y
08-Apr-09,Y
09-Apr-09,Y
10-Apr-09,Y
11-Apr-09,Y
12-Apr-09,Y
13-Apr-09,Y
14-Apr-09,Y
15-Apr-09,Y
16-Apr-09,Y
17-Apr-09,Y
18-Apr-09,Y
19-Apr-09,Y
20-Apr-09,Y
01-Apr-10,Y
02-Apr-10,Y
03-Apr-10,Y
04-Apr-10,Y
05-Apr-10,Y
06-Apr-10,Y
07-Apr-10,Y
08-Apr-10,Y
09-Apr-10,Y
10-Apr-10,Y
11-Apr-10,Y
12-Apr-10,Y
13-Apr-10,Y
14-Apr-10,Y
15-Apr-10,Y
16-Apr-10,Y
17-Apr-10,Y
18-Apr-10,Y
19-Apr-10,Y
01-Apr-11,Y
02-Apr-11,Y
03-Apr-11,Y
04-Apr-11,Y
05-Apr-11,Y
06-Apr-11,Y
07-Apr-11,Y
08-Apr-11,Y
09-Apr-11,Y
10-Apr-11,Y
11-Apr-11,Y
12-Apr-11,Y
13-Apr-11,Y
14-Apr-11,Y
15-Apr-11,Y
16-Apr-11,Y
17-Apr-11,Y
18-Apr-11,Y
30-Mar-12,Y
31-Mar-12,Y
01-Apr-12,Y
02-Apr-12,Y
03-Apr-12,Y
04-Apr-12,Y
05-Apr-12,Y
06-Apr-12,Y
07-Apr-12,Y
08-Apr-12,Y
09-Apr-12,Y
10-Apr-12,Y
11-Apr-12,Y
12-Apr-12,Y
13-Apr-12,Y
14-Apr-12,Y
15-Apr-12,Y
16-Apr-12,Y
28-Mar-13,Y
29-Mar-13,Y
30-Mar-13,Y
31-Mar-13,Y
01-Apr-13,Y
02-Apr-13,Y
03-Apr-13,Y
04-Apr-13,Y
05-Apr-13,Y
06-Apr-13,Y
07-Apr-13,Y
08-Apr-13,Y
09-Apr-13,Y
10-Apr-13,Y
11-Apr-13,Y
12-Apr-13,Y
13-Apr-13,Y
14-Apr-13,Y
15-Apr-13,Y
04-Apr-14,Y
05-Apr-14,Y
06-Apr-14,Y
07-Apr-14,Y
08-Apr-14,Y
09-Apr-14,Y
10-Apr-14,Y
11-Apr-14,Y
12-Apr-14,Y
13-Apr-14,Y
14-Apr-14,Y
15-Apr-14,Y
16-Apr-14,Y
17-Apr-14,Y
18-Apr-14,Y
19-Apr-14,Y
20-Apr-14,Y
21-Apr-14,Y
22-Apr-14,Y
02-Apr-15,Y
03-Apr-15,Y
04-Apr-15,Y
05-Apr-15,Y
06-Apr-15,Y
07-Apr-15,Y
08-Apr-15,Y
09-Apr-15,Y
10-Apr-15,Y
11-Apr-15,Y
12-Apr-15,Y
13-Apr-15,Y
14-Apr-15,Y
15-Apr-15,Y
16-Apr-15,Y
17-Apr-15,Y
18-Apr-15,Y
19-Apr-15,Y
20-Apr-15,Y
01-Apr-16,Y
02-Apr-16,Y
03-Apr-16,Y
04-Apr-16,Y
05-Apr-16,Y
06-Apr-16,Y
07-Apr-16,Y
08-Apr-16,Y
09-Apr-16,Y
10-Apr-16,Y
11-Apr-16,Y
12-Apr-16,Y
13-Apr-16,Y
14-Apr-16,Y
15-Apr-16,Y
16-Apr-16,Y
17-Apr-16,Y
18-Apr-16,Y
31-Mar-17,Y
01-Apr-17,Y
02-Apr-17,Y
03-Apr-17,Y
04-Apr-17,Y
05-Apr-17,Y
06-Apr-17,Y
07-Apr-17,Y
08-Apr-17,Y
09-Apr-17,Y
10-Apr-17,Y
11-Apr-17,Y
12-Apr-17,Y
13-Apr-17,Y
14-Apr-17,Y
15-Apr-17,Y
16-Apr-17,Y
17-Apr-17,Y
18-Apr-17,Y
29-Mar-18,Y
30-Mar-18,Y
31-Mar-18,Y
01-Apr-18,Y
02-Apr-18,Y
03-Apr-18,Y
04-Apr-18,Y
05-Apr-18,Y
06-Apr-18,Y
07-Apr-18,Y
08-Apr-18,Y
09-Apr-18,Y
10-Apr-18,Y
11-Apr-18,Y
12-Apr-18,Y
13-Apr-18,Y
14-Apr-18,Y
15-Apr-18,Y
16-Apr-18,Y
29-May-06,Y
30-May-06,Y
31-May-06,Y
01-Jun-06,Y
02-Jun-06,Y
28-May-07,Y
29-May-07,Y
30-May-07,Y
31-May-07,Y
01-Jun-07,Y
26-May-08,Y
27-May-08,Y
28-May-08,Y
29-May-08,Y
30-May-08,Y
25-May-09,Y
26-May-09,Y
27-May-09,Y
28-May-09,Y
29-May-09,Y
30-May-09,Y
31-May-10,Y
01-Jun-10,Y
02-Jun-10,Y
03-Jun-10,Y
04-Jun-10,Y
30-May-11,Y
31-May-11,Y
01-Jun-11,Y
02-Jun-11,Y
03-Jun-11,Y
04-Jun-12,Y
05-Jun-12,Y
06-Jun-12,Y
07-Jun-12,Y
08-Jun-12,Y
27-May-13,Y
28-May-13,Y
29-May-13,Y
30-May-13,Y
31-May-13,Y
26-May-14,Y
27-May-14,Y
28-May-14,Y
29-May-14,Y
30-May-14,Y
25-May-15,Y
26-May-15,Y
27-May-15,Y
28-May-15,Y
29-May-15,Y
30-May-16,Y
31-May-16,Y
01-Jun-16,Y
02-Jun-16,Y
03-Jun-16,Y
29-May-17,Y
30-May-17,Y
31-May-17,Y
01-Jun-17,Y
02-Jun-17,Y
28-May-18,Y
29-May-18,Y
30-May-18,Y
31-May-18,Y
01-Jun-18,Y
21-Jul-06,Y
22-Jul-06,Y
23-Jul-06,Y
24-Jul-06,Y
25-Jul-06,Y
26-Jul-06,Y
27-Jul-06,Y
28-Jul-06,Y
29-Jul-06,Y
30-Jul-06,Y
31-Jul-06,Y
01-Aug-06,Y
02-Aug-06,Y
03-Aug-06,Y
04-Aug-06,Y
05-Aug-06,Y
06-Aug-06,Y
07-Aug-06,Y
08-Aug-06,Y
09-Aug-06,Y
10-Aug-06,Y
11-Aug-06,Y
12-Aug-06,Y
13-Aug-06,Y
14-Aug-06,Y
15-Aug-06,Y
16-Aug-06,Y
17-Aug-06,Y
18-Aug-06,Y
19-Aug-06,Y
20-Aug-06,Y
21-Aug-06,Y
22-Aug-06,Y
23-Aug-06,Y
24-Aug-06,Y
25-Aug-06,Y
26-Aug-06,Y
27-Aug-06,Y
28-Aug-06,Y
29-Aug-06,Y
30-Aug-06,Y
31-Aug-06,Y
01-Sep-06,Y
02-Sep-06,Y
03-Sep-06,Y
04-Sep-06,Y
20-Jul-07,Y
21-Jul-07,Y
22-Jul-07,Y
23-Jul-07,Y
24-Jul-07,Y
25-Jul-07,Y
26-Jul-07,Y
27-Jul-07,Y
28-Jul-07,Y
29-Jul-07,Y
30-Jul-07,Y
31-Jul-07,Y
01-Aug-07,Y
02-Aug-07,Y
03-Aug-07,Y
04-Aug-07,Y
05-Aug-07,Y
06-Aug-07,Y
07-Aug-07,Y
08-Aug-07,Y
09-Aug-07,Y
10-Aug-07,Y
11-Aug-07,Y
12-Aug-07,Y
13-Aug-07,Y
14-Aug-07,Y
15-Aug-07,Y
16-Aug-07,Y
17-Aug-07,Y
18-Aug-07,Y
19-Aug-07,Y
20-Aug-07,Y
21-Aug-07,Y
22-Aug-07,Y
23-Aug-07,Y
24-Aug-07,Y
25-Aug-07,Y
26-Aug-07,Y
27-Aug-07,Y
28-Aug-07,Y
29-Aug-07,Y
30-Aug-07,Y
31-Aug-07,Y
01-Sep-07,Y
02-Sep-07,Y
03-Sep-07,Y
22-Jul-08,Y
23-Jul-08,Y
24-Jul-08,Y
25-Jul-08,Y
26-Jul-08,Y
27-Jul-08,Y
28-Jul-08,Y
29-Jul-08,Y
30-Jul-08,Y
31-Jul-08,Y
01-Aug-08,Y
02-Aug-08,Y
03-Aug-08,Y
04-Aug-08,Y
05-Aug-08,Y
06-Aug-08,Y
07-Aug-08,Y
08-Aug-08,Y
09-Aug-08,Y
10-Aug-08,Y
11-Aug-08,Y
12-Aug-08,Y
13-Aug-08,Y
14-Aug-08,Y
15-Aug-08,Y
16-Aug-08,Y
17-Aug-08,Y
18-Aug-08,Y
19-Aug-08,Y
20-Aug-08,Y
21-Aug-08,Y
22-Aug-08,Y
23-Aug-08,Y
24-Aug-08,Y
25-Aug-08,Y
26-Aug-08,Y
27-Aug-08,Y
28-Aug-08,Y
29-Aug-08,Y
30-Aug-08,Y
31-Aug-08,Y
01-Sep-08,Y
20-Jul-09,Y
21-Jul-09,Y
22-Jul-09,Y
23-Jul-09,Y
24-Jul-09,Y
25-Jul-09,Y
26-Jul-09,Y
27-Jul-09,Y
28-Jul-09,Y
29-Jul-09,Y
30-Jul-09,Y
31-Jul-09,Y
01-Aug-09,Y
02-Aug-09,Y
03-Aug-09,Y
04-Aug-09,Y
05-Aug-09,Y
06-Aug-09,Y
07-Aug-09,Y
08-Aug-09,Y
09-Aug-09,Y
10-Aug-09,Y
11-Aug-09,Y
12-Aug-09,Y
13-Aug-09,Y
14-Aug-09,Y
15-Aug-09,Y
16-Aug-09,Y
17-Aug-09,Y
18-Aug-09,Y
19-Aug-09,Y
20-Aug-09,Y
21-Aug-09,Y
22-Aug-09,Y
23-Aug-09,Y
24-Aug-09,Y
25-Aug-09,Y
26-Aug-09,Y
27-Aug-09,Y
28-Aug-09,Y
29-Aug-09,Y
30-Aug-09,Y
31-Aug-09,Y
01-Sep-09,Y
02-Sep-09,Y
03-Sep-09,Y
23-Jul-10,Y
24-Jul-10,Y
25-Jul-10,Y
26-Jul-10,Y
27-Jul-10,Y
28-Jul-10,Y
29-Jul-10,Y
30-Jul-10,Y
31-Jul-10,Y
01-Aug-10,Y
02-Aug-10,Y
03-Aug-10,Y
04-Aug-10,Y
05-Aug-10,Y
06-Aug-10,Y
07-Aug-10,Y
08-Aug-10,Y
09-Aug-10,Y
10-Aug-10,Y
11-Aug-10,Y
12-Aug-10,Y
13-Aug-10,Y
14-Aug-10,Y
15-Aug-10,Y
16-Aug-10,Y
17-Aug-10,Y
18-Aug-10,Y
19-Aug-10,Y
20-Aug-10,Y
21-Aug-10,Y
22-Aug-10,Y
23-Aug-10,Y
24-Aug-10,Y
25-Aug-10,Y
26-Aug-10,Y
27-Aug-10,Y
28-Aug-10,Y
29-Aug-10,Y
30-Aug-10,Y
31-Aug-10,Y
01-Sep-10,Y
25-Jul-11,Y
26-Jul-11,Y
27-Jul-11,Y
28-Jul-11,Y
29-Jul-11,Y
30-Jul-11,Y
31-Jul-11,Y
01-Aug-11,Y
02-Aug-11,Y
03-Aug-11,Y
04-Aug-11,Y
05-Aug-11,Y
06-Aug-11,Y
07-Aug-11,Y
08-Aug-11,Y
09-Aug-11,Y
10-Aug-11,Y
11-Aug-11,Y
12-Aug-11,Y
13-Aug-11,Y
14-Aug-11,Y
15-Aug-11,Y
16-Aug-11,Y
17-Aug-11,Y
18-Aug-11,Y
19-Aug-11,Y
20-Aug-11,Y
21-Aug-11,Y
22-Aug-11,Y
23-Aug-11,Y
24-Aug-11,Y
25-Aug-11,Y
26-Aug-11,Y
27-Aug-11,Y
28-Aug-11,Y
29-Aug-11,Y
30-Aug-11,Y
31-Aug-11,Y
01-Sep-11,Y
02-Sep-11,Y
03-Sep-11,Y
04-Sep-11,Y
05-Sep-11,Y
23-Jul-12,Y
24-Jul-12,Y
25-Jul-12,Y
26-Jul-12,Y
27-Jul-12,Y
28-Jul-12,Y
29-Jul-12,Y
30-Jul-12,Y
31-Jul-12,Y
01-Aug-12,Y
02-Aug-12,Y
03-Aug-12,Y
04-Aug-12,Y
05-Aug-12,Y
06-Aug-12,Y
07-Aug-12,Y
08-Aug-12,Y
09-Aug-12,Y
10-Aug-12,Y
11-Aug-12,Y
12-Aug-12,Y
13-Aug-12,Y
14-Aug-12,Y
15-Aug-12,Y
16-Aug-12,Y
17-Aug-12,Y
18-Aug-12,Y
19-Aug-12,Y
20-Aug-12,Y
21-Aug-12,Y
22-Aug-12,Y
23-Aug-12,Y
24-Aug-12,Y
25-Aug-12,Y
26-Aug-12,Y
27-Aug-12,Y
28-Aug-12,Y
29-Aug-12,Y
30-Aug-12,Y
31-Aug-12,Y
01-Sep-12,Y
02-Sep-12,Y
03-Sep-12,Y
23-Jul-13,Y
24-Jul-13,Y
25-Jul-13,Y
26-Jul-13,Y
27-Jul-13,Y
28-Jul-13,Y
29-Jul-13,Y
30-Jul-13,Y
31-Jul-13,Y
01-Aug-13,Y
02-Aug-13,Y
03-Aug-13,Y
04-Aug-13,Y
05-Aug-13,Y
06-Aug-13,Y
07-Aug-13,Y
08-Aug-13,Y
09-Aug-13,Y
10-Aug-13,Y
11-Aug-13,Y
12-Aug-13,Y
13-Aug-13,Y
14-Aug-13,Y
15-Aug-13,Y
16-Aug-13,Y
17-Aug-13,Y
18-Aug-13,Y
19-Aug-13,Y
20-Aug-13,Y
21-Aug-13,Y
22-Aug-13,Y
23-Aug-13,Y
24-Aug-13,Y
25-Aug-13,Y
26-Aug-13,Y
27-Aug-13,Y
28-Aug-13,Y
29-Aug-13,Y
30-Aug-13,Y
31-Aug-13,Y
01-Sep-13,Y
02-Sep-13,Y
22-Jul-14,Y
23-Jul-14,Y
24-Jul-14,Y
25-Jul-14,Y
26-Jul-14,Y
27-Jul-14,Y
28-Jul-14,Y
29-Jul-14,Y
30-Jul-14,Y
31-Jul-14,Y
01-Aug-14,Y
02-Aug-14,Y
03-Aug-14,Y
04-Aug-14,Y
05-Aug-14,Y
06-Aug-14,Y
07-Aug-14,Y
08-Aug-14,Y
09-Aug-14,Y
10-Aug-14,Y
11-Aug-14,Y
12-Aug-14,Y
13-Aug-14,Y
14-Aug-14,Y
15-Aug-14,Y
16-Aug-14,Y
17-Aug-14,Y
18-Aug-14,Y
19-Aug-14,Y
20-Aug-14,Y
21-Aug-14,Y
22-Aug-14,Y
23-Aug-14,Y
24-Aug-14,Y
25-Aug-14,Y
26-Aug-14,Y
27-Aug-14,Y
28-Aug-14,Y
29-Aug-14,Y
30-Aug-14,Y
31-Aug-14,Y
01-Sep-14,Y
21-Jul-15,Y
22-Jul-15,Y
23-Jul-15,Y
24-Jul-15,Y
25-Jul-15,Y
26-Jul-15,Y
27-Jul-15,Y
28-Jul-15,Y
29-Jul-15,Y
30-Jul-15,Y
31-Jul-15,Y
01-Aug-15,Y
02-Aug-15,Y
03-Aug-15,Y
04-Aug-15,Y
05-Aug-15,Y
06-Aug-15,Y
07-Aug-15,Y
08-Aug-15,Y
09-Aug-15,Y
10-Aug-15,Y
11-Aug-15,Y
12-Aug-15,Y
13-Aug-15,Y
14-Aug-15,Y
15-Aug-15,Y
16-Aug-15,Y
17-Aug-15,Y
18-Aug-15,Y
19-Aug-15,Y
20-Aug-15,Y
21-Aug-15,Y
22-Aug-15,Y
23-Aug-15,Y
24-Aug-15,Y
25-Aug-15,Y
26-Aug-15,Y
27-Aug-15,Y
28-Aug-15,Y
29-Aug-15,Y
30-Aug-15,Y
31-Aug-15,Y
01-Sep-15,Y
02-Sep-15,Y
03-Sep-15,Y
04-Sep-15,Y
05-Sep-15,Y
06-Sep-15,Y
07-Sep-15,Y
27-Jul-16,Y
28-Jul-16,Y
29-Jul-16,Y
30-Jul-16,Y
31-Jul-16,Y
01-Aug-16,Y
02-Aug-16,Y
03-Aug-16,Y
04-Aug-16,Y
05-Aug-16,Y
06-Aug-16,Y
07-Aug-16,Y
08-Aug-16,Y
09-Aug-16,Y
10-Aug-16,Y
11-Aug-16,Y
12-Aug-16,Y
13-Aug-16,Y
14-Aug-16,Y
15-Aug-16,Y
16-Aug-16,Y
17-Aug-16,Y
18-Aug-16,Y
19-Aug-16,Y
20-Aug-16,Y
21-Aug-16,Y
22-Aug-16,Y
23-Aug-16,Y
24-Aug-16,Y
25-Aug-16,Y
26-Aug-16,Y
27-Aug-16,Y
28-Aug-16,Y
29-Aug-16,Y
30-Aug-16,Y
31-Aug-16,Y
01-Sep-16,Y
02-Sep-16,Y
03-Sep-16,Y
04-Sep-16,Y
05-Sep-16,Y
26-Jul-17,Y
27-Jul-17,Y
28-Jul-17,Y
29-Jul-17,Y
30-Jul-17,Y
31-Jul-17,Y
01-Aug-17,Y
02-Aug-17,Y
03-Aug-17,Y
04-Aug-17,Y
05-Aug-17,Y
06-Aug-17,Y
07-Aug-17,Y
08-Aug-17,Y
09-Aug-17,Y
10-Aug-17,Y
11-Aug-17,Y
12-Aug-17,Y
13-Aug-17,Y
14-Aug-17,Y
15-Aug-17,Y
16-Aug-17,Y
17-Aug-17,Y
18-Aug-17,Y
19-Aug-17,Y
20-Aug-17,Y
21-Aug-17,Y
22-Aug-17,Y
23-Aug-17,Y
24-Aug-17,Y
25-Aug-17,Y
26-Aug-17,Y
27-Aug-17,Y
28-Aug-17,Y
29-Aug-17,Y
30-Aug-17,Y
31-Aug-17,Y
01-Sep-17,Y
02-Sep-17,Y
03-Sep-17,Y
04-Sep-17,Y
