Date,Holidays
01-Jan-98,Y
10-Apr-98,Y
13-Apr-98,Y
04-May-98,Y
25-May-98,Y
31-Aug-98,Y
25-Dec-98,Y
28-Dec-98,Y
01-Jan-99,Y
02-Apr-99,Y
05-Apr-99,Y
03-May-99,Y
31-May-99,Y
30-Aug-99,Y
27-Dec-99,Y
28-Dec-99,Y
31-Dec-99,Y
03-Jan-00,Y
21-Apr-00,Y
24-Apr-00,Y
01-May-00,Y
29-May-00,Y
28-Aug-00,Y
25-Dec-00,Y
26-Dec-00,Y
01-Jan-01,Y
13-Apr-01,Y
16-Apr-01,Y
07-May-01,Y
28-May-01,Y
27-Aug-01,Y
25-Dec-01,Y
26-Dec-01,Y
01-Jan-02,Y
29-Mar-02,Y
01-Apr-02,Y
06-May-02,Y
03-Jun-02,Y
04-Jun-02,Y
26-Aug-02,Y
25-Dec-02,Y
26-Dec-02,Y
01-Jan-03,Y
18-Apr-03,Y
21-Apr-03,Y
05-May-03,Y
26-May-03,Y
25-Aug-03,Y
25-Dec-03,Y
26-Dec-03,Y
01-Jan-04,Y
09-Apr-04,Y
12-Apr-04,Y
03-May-04,Y
31-May-04,Y
30-Aug-04,Y
27-Dec-04,Y
28-Dec-04,Y
03-Jan-05,Y
25-Mar-05,Y
28-Mar-05,Y
02-May-05,Y
30-May-05,Y
29-Aug-05,Y
26-Dec-05,Y
27-Dec-05,Y
02-Jan-06,Y
14-Apr-06,Y
17-Apr-06,Y
01-May-06,Y
29-May-06,Y
28-Aug-06,Y
25-Dec-06,Y
26-Dec-06,Y
01-Jan-07,Y
06-Apr-07,Y
09-Apr-07,Y
07-May-07,Y
28-May-07,Y
27-Aug-07,Y
25-Dec-07,Y
26-Dec-07,Y
01-Jan-08,Y
21-Mar-08,Y
24-Mar-08,Y
05-May-08,Y
26-May-08,Y
25-Aug-08,Y
25-Dec-08,Y
26-Dec-08,Y
01-Jan-09,Y
10-Apr-09,Y
13-Apr-09,Y
04-May-09,Y
25-May-09,Y
31-Aug-09,Y
25-Dec-09,Y
28-Dec-09,Y
01-Jan-10,Y
02-Apr-10,Y
05-Apr-10,Y
03-May-10,Y
31-May-10,Y
30-Aug-10,Y
27-Dec-10,Y
28-Dec-10,Y
03-Jan-11,Y
22-Apr-11,Y
25-Apr-11,Y
29-Apr-11,Y
02-May-11,Y
30-May-11,Y
29-Aug-11,Y
26-Dec-11,Y
27-Dec-11,Y
02-Jan-12,Y
06-Apr-12,Y
09-Apr-12,Y
07-May-12,Y
04-Jun-12,Y
05-Jun-12,Y
27-Aug-12,Y
25-Dec-12,Y
26-Dec-12,Y
01-Jan-13,Y
29-Mar-13,Y
01-Apr-13,Y
06-May-13,Y
27-May-13,Y
26-Aug-13,Y
25-Dec-13,Y
26-Dec-13,Y
01-Jan-14,Y
18-Apr-14,Y
21-Apr-14,Y
05-May-14,Y
26-May-14,Y
25-Aug-14,Y
25-Dec-14,Y
26-Dec-14,Y
01-Jan-15,Y
03-Apr-15,Y
06-Apr-15,Y
04-May-15,Y
25-May-15,Y
31-Aug-15,Y
25-Dec-15,Y
28-Dec-15,Y
01-Jan-16,Y
25-Mar-16,Y
28-Mar-16,Y
02-May-16,Y
30-May-16,Y
29-Aug-16,Y
26-Dec-16,Y
27-Dec-16,Y
02-Jan-17,Y
14-Apr-17,Y
17-Apr-17,Y
01-May-17,Y
29-May-17,Y
28-Aug-17,Y
25-Dec-17,Y
26-Dec-17,Y
01-Jan-18,Y
30-Mar-18,Y
02-Apr-18,Y
07-May-18,Y
28-May-18,Y
27-Aug-18,Y
25-Dec-18,Y
26-Dec-18,Y
01-Jan-19,Y
19-Apr-19,Y
22-Apr-19,Y
06-May-19,Y
27-May-19,Y
26-Aug-19,Y
25-Dec-19,Y
26-Dec-19,Y
01-Jan-20,Y
10-Apr-20,Y
13-Apr-20,Y
04-May-20,Y
25-May-20,Y
31-Aug-20,Y
25-Dec-20,Y
28-Dec-20,Y
01-Jan-21,Y
02-Apr-21,Y
05-Apr-21,Y
03-May-21,Y
31-May-21,Y
30-Aug-21,Y
27-Dec-21,Y
28-Dec-21,Y
03-Jan-22,Y
15-Apr-22,Y
18-Apr-22,Y
02-May-22,Y
30-May-22,Y
29-Aug-22,Y
26-Dec-22,Y
27-Dec-22,Y
02-Jan-23,Y
07-Apr-23,Y
10-Apr-23,Y
01-May-23,Y
29-May-23,Y
28-Aug-23,Y
25-Dec-23,Y
26-Dec-23,Y
01-Jan-24,Y
29-Mar-24,Y
01-Apr-24,Y
06-May-24,Y
27-May-24,Y
26-Aug-24,Y
25-Dec-24,Y
26-Dec-24,Y
01-Jan-25,Y
18-Apr-25,Y
21-Apr-25,Y
05-May-25,Y
26-May-25,Y
25-Aug-25,Y
25-Dec-25,Y
26-Dec-25,Y
01-Jan-26,Y
03-Apr-26,Y
06-Apr-26,Y
04-May-26,Y
25-May-26,Y
31-Aug-26,Y
25-Dec-26,Y
28-Dec-26,Y
01-Jan-27,Y
26-Mar-27,Y
29-Mar-27,Y
03-May-27,Y
31-May-27,Y
30-Aug-27,Y
27-Dec-27,Y
28-Dec-27,Y
03-Jan-28,Y
14-Apr-28,Y
17-Apr-28,Y
01-May-28,Y
29-May-28,Y
28-Aug-28,Y
25-Dec-28,Y
26-Dec-28,Y
01-Jan-29,Y
30-Mar-29,Y
02-Apr-29,Y
07-May-29,Y
28-May-29,Y
27-Aug-29,Y
25-Dec-29,Y
26-Dec-29,Y
01-Jan-30,Y
19-Apr-30,Y
22-Apr-30,Y
06-May-30,Y
27-May-30,Y
26-Aug-30,Y
25-Dec-30,Y
26-Dec-30,Y
01-Jan-31,Y
11-Apr-31,Y
14-Apr-31,Y
05-May-31,Y
26-May-31,Y
25-Aug-31,Y
25-Dec-31,Y
26-Dec-31,Y
01-Jan-32,Y
26-Mar-32,Y
29-Mar-32,Y
03-May-32,Y
31-May-32,Y
30-Aug-32,Y
27-Dec-32,Y
28-Dec-32,Y
03-Jan-33,Y
15-Apr-33,Y
18-Apr-33,Y
02-May-33,Y
30-May-33,Y
29-Aug-33,Y
26-Dec-33,Y
27-Dec-33,Y
02-Jan-34,Y
07-Apr-34,Y
10-Apr-34,Y
01-May-34,Y
29-May-34,Y
28-Aug-34,Y
25-Dec-34,Y
26-Dec-34,Y
01-Jan-35,Y
23-Mar-35,Y
26-Mar-35,Y
07-May-35,Y
28-May-35,Y
27-Aug-35,Y
25-Dec-35,Y
26-Dec-35,Y
01-Jan-36,Y
11-Apr-36,Y
14-Apr-36,Y
05-May-36,Y
26-May-36,Y
25-Aug-36,Y
25-Dec-36,Y
26-Dec-36,Y
01-Jan-37,Y
03-Apr-37,Y
06-Apr-37,Y
04-May-37,Y
25-May-37,Y
31-Aug-37,Y
25-Dec-37,Y
28-Dec-37,Y
01-Jan-38,Y
23-Apr-38,Y
26-Apr-38,Y
03-May-38,Y
31-May-38,Y
30-Aug-38,Y
27-Dec-38,Y
28-Dec-38,Y
03-Jan-39,Y
08-Apr-39,Y
11-Apr-39,Y
02-May-39,Y
30-May-39,Y
29-Aug-39,Y
26-Dec-39,Y
27-Dec-39,Y
02-Jan-40,Y
30-Mar-40,Y
02-Apr-40,Y
07-May-40,Y
28-May-40,Y
27-Aug-40,Y
25-Dec-40,Y
26-Dec-40,Y
01-Jan-41,Y
19-Apr-41,Y
22-Apr-41,Y
06-May-41,Y
27-May-41,Y
26-Aug-41,Y
25-Dec-41,Y
26-Dec-41,Y
01-Jan-42,Y
04-Apr-42,Y
07-Apr-42,Y
05-May-42,Y
26-May-42,Y
25-Aug-42,Y
25-Dec-42,Y
26-Dec-42,Y
01-Jan-43,Y
27-Mar-43,Y
30-Mar-43,Y
04-May-43,Y
25-May-43,Y
31-Aug-43,Y
25-Dec-43,Y
28-Dec-43,Y
01-Jan-44,Y
15-Apr-44,Y
18-Apr-44,Y
02-May-44,Y
30-May-44,Y
29-Aug-44,Y
26-Dec-44,Y
27-Dec-44,Y
02-Jan-45,Y
07-Apr-45,Y
10-Apr-45,Y
01-May-45,Y
29-May-45,Y
28-Aug-45,Y
25-Dec-45,Y
26-Dec-45,Y
01-Jan-46,Y
23-Mar-46,Y
26-Mar-46,Y
07-May-46,Y
28-May-46,Y
27-Aug-46,Y
25-Dec-46,Y
26-Dec-46,Y
01-Jan-47,Y
12-Apr-47,Y
15-Apr-47,Y
06-May-47,Y
27-May-47,Y
26-Aug-47,Y
25-Dec-47,Y
26-Dec-47,Y
01-Jan-48,Y
03-Apr-48,Y
06-Apr-48,Y
04-May-48,Y
25-May-48,Y
31-Aug-48,Y
25-Dec-48,Y
28-Dec-48,Y
01-Jan-49,Y
16-Apr-49,Y
19-Apr-49,Y
03-May-49,Y
31-May-49,Y
30-Aug-49,Y
27-Dec-49,Y
28-Dec-49,Y
03-Jan-50,Y
08-Apr-50,Y
11-Apr-50,Y
02-May-50,Y
30-May-50,Y
29-Aug-50,Y
26-Dec-50,Y
27-Dec-50,Y
02-Jan-51,Y
31-Mar-51,Y
03-Apr-51,Y
01-May-51,Y
29-May-51,Y
28-Aug-51,Y
25-Dec-51,Y
26-Dec-51,Y
01-Jan-52,Y
19-Apr-52,Y
22-Apr-52,Y
06-May-52,Y
27-May-52,Y
26-Aug-52,Y
25-Dec-52,Y
26-Dec-52,Y
01-Jan-53,Y
04-Apr-53,Y
07-Apr-53,Y
05-May-53,Y
26-May-53,Y
25-Aug-53,Y
25-Dec-53,Y
26-Dec-53,Y
01-Jan-54,Y
27-Mar-54,Y
30-Mar-54,Y
04-May-54,Y
25-May-54,Y
31-Aug-54,Y
25-Dec-54,Y
28-Dec-54,Y
01-Jan-55,Y
16-Apr-55,Y
19-Apr-55,Y
03-May-55,Y
31-May-55,Y
30-Aug-55,Y
27-Dec-55,Y
28-Dec-55,Y
03-Jan-56,Y
31-Mar-56,Y
03-Apr-56,Y
01-May-56,Y
29-May-56,Y
28-Aug-56,Y
25-Dec-56,Y
26-Dec-56,Y
01-Jan-57,Y
20-Apr-57,Y
23-Apr-57,Y
07-May-57,Y
28-May-57,Y
27-Aug-57,Y
25-Dec-57,Y
26-Dec-57,Y
01-Jan-58,Y
12-Apr-58,Y
15-Apr-58,Y
06-May-58,Y
27-May-58,Y
26-Aug-58,Y
25-Dec-58,Y
26-Dec-58,Y
01-Jan-59,Y
28-Mar-59,Y
31-Mar-59,Y
05-May-59,Y
26-May-59,Y
25-Aug-59,Y
25-Dec-59,Y
26-Dec-59,Y
01-Jan-60,Y
16-Apr-60,Y
19-Apr-60,Y
03-May-60,Y
31-May-60,Y
30-Aug-60,Y
27-Dec-60,Y
28-Dec-60,Y
03-Jan-61,Y
08-Apr-61,Y
11-Apr-61,Y
02-May-61,Y
30-May-61,Y
29-Aug-61,Y
26-Dec-61,Y
27-Dec-61,Y
02-Jan-62,Y
24-Mar-62,Y
27-Mar-62,Y
01-May-62,Y
29-May-62,Y
28-Aug-62,Y
25-Dec-62,Y
26-Dec-62,Y
01-Jan-63,Y
13-Apr-63,Y
16-Apr-63,Y
07-May-63,Y
28-May-63,Y
27-Aug-63,Y
25-Dec-63,Y
26-Dec-63,Y
01-Jan-64,Y
04-Apr-64,Y
07-Apr-64,Y
05-May-64,Y
26-May-64,Y
25-Aug-64,Y
25-Dec-64,Y
26-Dec-64,Y
01-Jan-65,Y
27-Mar-65,Y
30-Mar-65,Y
04-May-65,Y
25-May-65,Y
31-Aug-65,Y
25-Dec-65,Y
28-Dec-65,Y
01-Jan-66,Y
09-Apr-66,Y
12-Apr-66,Y
03-May-66,Y
31-May-66,Y
30-Aug-66,Y
27-Dec-66,Y
28-Dec-66,Y
03-Jan-67,Y
01-Apr-67,Y
04-Apr-67,Y
02-May-67,Y
30-May-67,Y
29-Aug-67,Y
26-Dec-67,Y
27-Dec-67,Y
02-Jan-68,Y
20-Apr-68,Y
23-Apr-68,Y
07-May-68,Y
28-May-68,Y
27-Aug-68,Y
25-Dec-68,Y
26-Dec-68,Y
01-Jan-69,Y
12-Apr-69,Y
15-Apr-69,Y
06-May-69,Y
27-May-69,Y
26-Aug-69,Y
25-Dec-69,Y
26-Dec-69,Y
01-Jan-70,Y
28-Mar-70,Y
31-Mar-70,Y
05-May-70,Y
26-May-70,Y
25-Aug-70,Y
25-Dec-70,Y
26-Dec-70,Y
01-Jan-71,Y
17-Apr-71,Y
20-Apr-71,Y
04-May-71,Y
25-May-71,Y
31-Aug-71,Y
25-Dec-71,Y
28-Dec-71,Y
01-Jan-72,Y
08-Apr-72,Y
11-Apr-72,Y
02-May-72,Y
30-May-72,Y
29-Aug-72,Y
26-Dec-72,Y
27-Dec-72,Y
02-Jan-73,Y
24-Mar-73,Y
27-Mar-73,Y
01-May-73,Y
29-May-73,Y
28-Aug-73,Y
25-Dec-73,Y
26-Dec-73,Y
01-Jan-74,Y
13-Apr-74,Y
16-Apr-74,Y
07-May-74,Y
28-May-74,Y
27-Aug-74,Y
25-Dec-74,Y
26-Dec-74,Y
01-Jan-75,Y
05-Apr-75,Y
08-Apr-75,Y
06-May-75,Y
27-May-75,Y
26-Aug-75,Y
25-Dec-75,Y
26-Dec-75,Y
01-Jan-76,Y
17-Apr-76,Y
20-Apr-76,Y
04-May-76,Y
25-May-76,Y
31-Aug-76,Y
25-Dec-76,Y
28-Dec-76,Y
01-Jan-77,Y
09-Apr-77,Y
12-Apr-77,Y
03-May-77,Y
31-May-77,Y
30-Aug-77,Y
27-Dec-77,Y
28-Dec-77,Y
03-Jan-78,Y
01-Apr-78,Y
04-Apr-78,Y
02-May-78,Y
30-May-78,Y
29-Aug-78,Y
26-Dec-78,Y
27-Dec-78,Y
02-Jan-79,Y
21-Apr-79,Y
24-Apr-79,Y
01-May-79,Y
29-May-79,Y
28-Aug-79,Y
25-Dec-79,Y
26-Dec-79,Y
01-Jan-80,Y
05-Apr-80,Y
08-Apr-80,Y
06-May-80,Y
27-May-80,Y
26-Aug-80,Y
25-Dec-80,Y
26-Dec-80,Y
01-Jan-81,Y
28-Mar-81,Y
31-Mar-81,Y
05-May-81,Y
26-May-81,Y
25-Aug-81,Y
25-Dec-81,Y
26-Dec-81,Y
01-Jan-82,Y
17-Apr-82,Y
20-Apr-82,Y
04-May-82,Y
25-May-82,Y
31-Aug-82,Y
25-Dec-82,Y
28-Dec-82,Y
01-Jan-83,Y
02-Apr-83,Y
05-Apr-83,Y
03-May-83,Y
31-May-83,Y
30-Aug-83,Y
27-Dec-83,Y
28-Dec-83,Y
03-Jan-84,Y
24-Mar-84,Y
27-Mar-84,Y
01-May-84,Y
29-May-84,Y
28-Aug-84,Y
25-Dec-84,Y
26-Dec-84,Y
01-Jan-85,Y
13-Apr-85,Y
16-Apr-85,Y
07-May-85,Y
28-May-85,Y
27-Aug-85,Y
25-Dec-85,Y
26-Dec-85,Y
01-Jan-86,Y
29-Mar-86,Y
01-Apr-86,Y
06-May-86,Y
27-May-86,Y
26-Aug-86,Y
25-Dec-86,Y
26-Dec-86,Y
01-Jan-87,Y
18-Apr-87,Y
21-Apr-87,Y
05-May-87,Y
26-May-87,Y
25-Aug-87,Y
25-Dec-87,Y
26-Dec-87,Y
01-Jan-88,Y
09-Apr-88,Y
12-Apr-88,Y
03-May-88,Y
31-May-88,Y
30-Aug-88,Y
27-Dec-88,Y
28-Dec-88,Y
03-Jan-89,Y
01-Apr-89,Y
04-Apr-89,Y
02-May-89,Y
30-May-89,Y
29-Aug-89,Y
26-Dec-89,Y
27-Dec-89,Y
02-Jan-90,Y
14-Apr-90,Y
17-Apr-90,Y
01-May-90,Y
29-May-90,Y
28-Aug-90,Y
25-Dec-90,Y
26-Dec-90,Y
01-Jan-91,Y
06-Apr-91,Y
09-Apr-91,Y
07-May-91,Y
28-May-91,Y
27-Aug-91,Y
25-Dec-91,Y
26-Dec-91,Y
01-Jan-92,Y
28-Mar-92,Y
31-Mar-92,Y
05-May-92,Y
26-May-92,Y
25-Aug-92,Y
25-Dec-92,Y
26-Dec-92,Y
01-Jan-93,Y
10-Apr-93,Y
13-Apr-93,Y
04-May-93,Y
25-May-93,Y
31-Aug-93,Y
25-Dec-93,Y
28-Dec-93,Y
01-Jan-94,Y
02-Apr-94,Y
05-Apr-94,Y
03-May-94,Y
31-May-94,Y
30-Aug-94,Y
27-Dec-94,Y
28-Dec-94,Y
03-Jan-95,Y
22-Apr-95,Y
25-Apr-95,Y
02-May-95,Y
30-May-95,Y
29-Aug-95,Y
26-Dec-95,Y
27-Dec-95,Y
02-Jan-96,Y
13-Apr-96,Y
16-Apr-96,Y
07-May-96,Y
28-May-96,Y
27-Aug-96,Y
25-Dec-96,Y
26-Dec-96,Y
01-Jan-97,Y
29-Mar-97,Y
01-Apr-97,Y
06-May-97,Y
27-May-97,Y
26-Aug-97,Y
25-Dec-97,Y
26-Dec-97,Y
01-Jan-98,Y
18-Apr-98,Y
21-Apr-98,Y
05-May-98,Y
26-May-98,Y
25-Aug-98,Y
25-Dec-98,Y
26-Dec-98,Y
01-Jan-99,Y
10-Apr-99,Y
13-Apr-99,Y
04-May-99,Y
25-May-99,Y
31-Aug-99,Y
25-Dec-99,Y
28-Dec-99,Y
01-Jan-00,Y
26-Mar-00,Y
29-Mar-00,Y
03-May-00,Y
31-May-00,Y
30-Aug-00,Y
27-Dec-00,Y
28-Dec-00,Y
03-Jan-01,Y
15-Apr-01,Y
18-Apr-01,Y
02-May-01,Y
30-May-01,Y
29-Aug-01,Y
26-Dec-01,Y
27-Dec-01,Y
02-Jan-02,Y
07-Apr-02,Y
10-Apr-02,Y
01-May-02,Y
29-May-02,Y
28-Aug-02,Y
25-Dec-02,Y
26-Dec-02,Y
01-Jan-03,Y
23-Mar-03,Y
26-Mar-03,Y
07-May-03,Y
28-May-03,Y
27-Aug-03,Y
25-Dec-03,Y
26-Dec-03,Y
01-Jan-04,Y
11-Apr-04,Y
14-Apr-04,Y
05-May-04,Y
26-May-04,Y
25-Aug-04,Y
25-Dec-04,Y
26-Dec-04,Y
01-Jan-05,Y
03-Apr-05,Y
06-Apr-05,Y
04-May-05,Y
25-May-05,Y
31-Aug-05,Y
25-Dec-05,Y
28-Dec-05,Y
01-Jan-06,Y
16-Apr-06,Y
19-Apr-06,Y
03-May-06,Y
31-May-06,Y
30-Aug-06,Y
27-Dec-06,Y
28-Dec-06,Y
03-Jan-07,Y
08-Apr-07,Y
11-Apr-07,Y
02-May-07,Y
30-May-07,Y
29-Aug-07,Y
26-Dec-07,Y
27-Dec-07,Y
02-Jan-08,Y
30-Mar-08,Y
02-Apr-08,Y
07-May-08,Y
28-May-08,Y
27-Aug-08,Y
25-Dec-08,Y
26-Dec-08,Y
01-Jan-09,Y
19-Apr-09,Y
22-Apr-09,Y
06-May-09,Y
27-May-09,Y
26-Aug-09,Y
25-Dec-09,Y
26-Dec-09,Y
01-Jan-10,Y
04-Apr-10,Y
07-Apr-10,Y
05-May-10,Y
26-May-10,Y
25-Aug-10,Y
25-Dec-10,Y
26-Dec-10,Y
