Date,Holidays
10-Dec-04,Y
11-Dec-04,Y
12-Dec-04,Y
13-Dec-04,Y
14-Dec-04,Y
15-Dec-04,Y
16-Dec-04,Y
17-Dec-04,Y
18-Dec-04,Y
19-Dec-04,Y
20-Dec-04,Y
21-Dec-04,Y
22-Dec-04,Y
23-Dec-04,Y
24-Dec-04,Y
25-Dec-04,Y
26-Dec-04,Y
27-Dec-04,Y
28-Dec-04,Y
29-Dec-04,Y
30-Dec-04,Y
31-Dec-04,Y
01-Jan-05,Y
02-Jan-05,Y
03-Jan-05,Y
04-Jan-05,Y
05-Jan-05,Y
06-Jan-05,Y
07-Jan-05,Y
08-Jan-05,Y
09-Jan-05,Y
10-Jan-05,Y
09-Dec-05,Y
10-Dec-05,Y
11-Dec-05,Y
12-Dec-05,Y
13-Dec-05,Y
14-Dec-05,Y
15-Dec-05,Y
16-Dec-05,Y
17-Dec-05,Y
18-Dec-05,Y
19-Dec-05,Y
20-Dec-05,Y
21-Dec-05,Y
22-Dec-05,Y
23-Dec-05,Y
24-Dec-05,Y
25-Dec-05,Y
26-Dec-05,Y
27-Dec-05,Y
28-Dec-05,Y
29-Dec-05,Y
30-Dec-05,Y
31-Dec-05,Y
01-Jan-06,Y
02-Jan-06,Y
03-Jan-06,Y
04-Jan-06,Y
05-Jan-06,Y
06-Jan-06,Y
07-Jan-06,Y
08-Jan-06,Y
09-Jan-06,Y
08-Dec-06,Y
09-Dec-06,Y
10-Dec-06,Y
11-Dec-06,Y
12-Dec-06,Y
13-Dec-06,Y
14-Dec-06,Y
15-Dec-06,Y
16-Dec-06,Y
17-Dec-06,Y
18-Dec-06,Y
19-Dec-06,Y
20-Dec-06,Y
21-Dec-06,Y
22-Dec-06,Y
23-Dec-06,Y
24-Dec-06,Y
25-Dec-06,Y
26-Dec-06,Y
27-Dec-06,Y
28-Dec-06,Y
29-Dec-06,Y
30-Dec-06,Y
31-Dec-06,Y
01-Jan-07,Y
02-Jan-07,Y
03-Jan-07,Y
04-Jan-07,Y
05-Jan-07,Y
06-Jan-07,Y
07-Jan-07,Y
08-Jan-07,Y
07-Dec-07,Y
08-Dec-07,Y
09-Dec-07,Y
10-Dec-07,Y
11-Dec-07,Y
12-Dec-07,Y
13-Dec-07,Y
14-Dec-07,Y
15-Dec-07,Y
16-Dec-07,Y
17-Dec-07,Y
18-Dec-07,Y
19-Dec-07,Y
20-Dec-07,Y
21-Dec-07,Y
22-Dec-07,Y
23-Dec-07,Y
24-Dec-07,Y
25-Dec-07,Y
26-Dec-07,Y
27-Dec-07,Y
28-Dec-07,Y
29-Dec-07,Y
30-Dec-07,Y
31-Dec-07,Y
01-Jan-08,Y
02-Jan-08,Y
03-Jan-08,Y
04-Jan-08,Y
05-Jan-08,Y
06-Jan-08,Y
07-Jan-08,Y
12-Dec-08,Y
13-Dec-08,Y
14-Dec-08,Y
15-Dec-08,Y
16-Dec-08,Y
17-Dec-08,Y
18-Dec-08,Y
19-Dec-08,Y
20-Dec-08,Y
21-Dec-08,Y
22-Dec-08,Y
23-Dec-08,Y
24-Dec-08,Y
25-Dec-08,Y
26-Dec-08,Y
27-Dec-08,Y
28-Dec-08,Y
29-Dec-08,Y
30-Dec-08,Y
31-Dec-08,Y
01-Jan-09,Y
02-Jan-09,Y
03-Jan-09,Y
04-Jan-09,Y
05-Jan-09,Y
06-Jan-09,Y
07-Jan-09,Y
08-Jan-09,Y
09-Jan-09,Y
10-Jan-09,Y
11-Jan-09,Y
12-Jan-09,Y
11-Dec-09,Y
12-Dec-09,Y
13-Dec-09,Y
14-Dec-09,Y
15-Dec-09,Y
16-Dec-09,Y
17-Dec-09,Y
18-Dec-09,Y
19-Dec-09,Y
20-Dec-09,Y
21-Dec-09,Y
22-Dec-09,Y
23-Dec-09,Y
24-Dec-09,Y
25-Dec-09,Y
26-Dec-09,Y
27-Dec-09,Y
28-Dec-09,Y
29-Dec-09,Y
30-Dec-09,Y
31-Dec-09,Y
01-Jan-10,Y
02-Jan-10,Y
03-Jan-10,Y
04-Jan-10,Y
05-Jan-10,Y
06-Jan-10,Y
07-Jan-10,Y
08-Jan-10,Y
09-Jan-10,Y
10-Jan-10,Y
11-Jan-10,Y
10-Dec-10,Y
11-Dec-10,Y
12-Dec-10,Y
13-Dec-10,Y
14-Dec-10,Y
15-Dec-10,Y
16-Dec-10,Y
17-Dec-10,Y
18-Dec-10,Y
19-Dec-10,Y
20-Dec-10,Y
21-Dec-10,Y
22-Dec-10,Y
23-Dec-10,Y
24-Dec-10,Y
25-Dec-10,Y
26-Dec-10,Y
27-Dec-10,Y
28-Dec-10,Y
29-Dec-10,Y
30-Dec-10,Y
31-Dec-10,Y
01-Jan-11,Y
02-Jan-11,Y
03-Jan-11,Y
04-Jan-11,Y
05-Jan-11,Y
06-Jan-11,Y
07-Jan-11,Y
08-Jan-11,Y
09-Jan-11,Y
10-Jan-11,Y
09-Dec-11,Y
10-Dec-11,Y
11-Dec-11,Y
12-Dec-11,Y
13-Dec-11,Y
14-Dec-11,Y
15-Dec-11,Y
16-Dec-11,Y
17-Dec-11,Y
18-Dec-11,Y
19-Dec-11,Y
20-Dec-11,Y
21-Dec-11,Y
22-Dec-11,Y
23-Dec-11,Y
24-Dec-11,Y
25-Dec-11,Y
26-Dec-11,Y
27-Dec-11,Y
28-Dec-11,Y
29-Dec-11,Y
30-Dec-11,Y
31-Dec-11,Y
01-Jan-12,Y
02-Jan-12,Y
03-Jan-12,Y
04-Jan-12,Y
05-Jan-12,Y
06-Jan-12,Y
07-Jan-12,Y
08-Jan-12,Y
09-Jan-12,Y
07-Dec-12,Y
08-Dec-12,Y
09-Dec-12,Y
10-Dec-12,Y
11-Dec-12,Y
12-Dec-12,Y
13-Dec-12,Y
14-Dec-12,Y
15-Dec-12,Y
16-Dec-12,Y
17-Dec-12,Y
18-Dec-12,Y
19-Dec-12,Y
20-Dec-12,Y
21-Dec-12,Y
22-Dec-12,Y
23-Dec-12,Y
24-Dec-12,Y
25-Dec-12,Y
26-Dec-12,Y
27-Dec-12,Y
28-Dec-12,Y
29-Dec-12,Y
30-Dec-12,Y
31-Dec-12,Y
01-Jan-13,Y
02-Jan-13,Y
03-Jan-13,Y
04-Jan-13,Y
05-Jan-13,Y
06-Jan-13,Y
07-Jan-13,Y
13-Dec-13,Y
14-Dec-13,Y
15-Dec-13,Y
16-Dec-13,Y
17-Dec-13,Y
18-Dec-13,Y
19-Dec-13,Y
20-Dec-13,Y
21-Dec-13,Y
22-Dec-13,Y
23-Dec-13,Y
24-Dec-13,Y
25-Dec-13,Y
26-Dec-13,Y
27-Dec-13,Y
28-Dec-13,Y
29-Dec-13,Y
30-Dec-13,Y
31-Dec-13,Y
01-Jan-14,Y
02-Jan-14,Y
03-Jan-14,Y
04-Jan-14,Y
05-Jan-14,Y
06-Jan-14,Y
07-Jan-14,Y
08-Jan-14,Y
09-Jan-14,Y
10-Jan-14,Y
11-Jan-14,Y
12-Jan-14,Y
13-Jan-14,Y
12-Dec-14,Y
13-Dec-14,Y
14-Dec-14,Y
15-Dec-14,Y
16-Dec-14,Y
17-Dec-14,Y
18-Dec-14,Y
19-Dec-14,Y
20-Dec-14,Y
21-Dec-14,Y
22-Dec-14,Y
23-Dec-14,Y
24-Dec-14,Y
25-Dec-14,Y
26-Dec-14,Y
27-Dec-14,Y
28-Dec-14,Y
29-Dec-14,Y
30-Dec-14,Y
31-Dec-14,Y
01-Jan-15,Y
02-Jan-15,Y
03-Jan-15,Y
04-Jan-15,Y
05-Jan-15,Y
06-Jan-15,Y
07-Jan-15,Y
08-Jan-15,Y
09-Jan-15,Y
10-Jan-15,Y
11-Jan-15,Y
12-Jan-15,Y
11-Dec-15,Y
12-Dec-15,Y
13-Dec-15,Y
14-Dec-15,Y
15-Dec-15,Y
16-Dec-15,Y
17-Dec-15,Y
18-Dec-15,Y
19-Dec-15,Y
20-Dec-15,Y
21-Dec-15,Y
22-Dec-15,Y
23-Dec-15,Y
24-Dec-15,Y
25-Dec-15,Y
26-Dec-15,Y
27-Dec-15,Y
28-Dec-15,Y
29-Dec-15,Y
30-Dec-15,Y
31-Dec-15,Y
01-Jan-16,Y
02-Jan-16,Y
03-Jan-16,Y
04-Jan-16,Y
05-Jan-16,Y
06-Jan-16,Y
07-Jan-16,Y
08-Jan-16,Y
09-Jan-16,Y
10-Jan-16,Y
11-Jan-16,Y
09-Dec-16,Y
10-Dec-16,Y
11-Dec-16,Y
12-Dec-16,Y
13-Dec-16,Y
14-Dec-16,Y
15-Dec-16,Y
16-Dec-16,Y
17-Dec-16,Y
18-Dec-16,Y
19-Dec-16,Y
20-Dec-16,Y
21-Dec-16,Y
22-Dec-16,Y
23-Dec-16,Y
24-Dec-16,Y
25-Dec-16,Y
26-Dec-16,Y
27-Dec-16,Y
28-Dec-16,Y
29-Dec-16,Y
30-Dec-16,Y
31-Dec-16,Y
01-Jan-17,Y
02-Jan-17,Y
03-Jan-17,Y
04-Jan-17,Y
05-Jan-17,Y
06-Jan-17,Y
07-Jan-17,Y
08-Jan-17,Y
09-Jan-17,Y
18-Mar-05,Y
19-Mar-05,Y
20-Mar-05,Y
21-Mar-05,Y
22-Mar-05,Y
23-Mar-05,Y
24-Mar-05,Y
25-Mar-05,Y
26-Mar-05,Y
27-Mar-05,Y
28-Mar-05,Y
29-Mar-05,Y
30-Mar-05,Y
31-Mar-05,Y
01-Apr-05,Y
02-Apr-05,Y
03-Apr-05,Y
04-Apr-05,Y
05-Apr-05,Y
06-Apr-05,Y
07-Apr-05,Y
08-Apr-05,Y
09-Apr-05,Y
10-Apr-05,Y
11-Apr-05,Y
12-Apr-05,Y
13-Apr-05,Y
14-Apr-05,Y
15-Apr-05,Y
16-Apr-05,Y
17-Apr-05,Y
18-Apr-05,Y
24-Mar-06,Y
25-Mar-06,Y
26-Mar-06,Y
27-Mar-06,Y
28-Mar-06,Y
29-Mar-06,Y
30-Mar-06,Y
31-Mar-06,Y
01-Apr-06,Y
02-Apr-06,Y
03-Apr-06,Y
04-Apr-06,Y
05-Apr-06,Y
06-Apr-06,Y
07-Apr-06,Y
08-Apr-06,Y
09-Apr-06,Y
10-Apr-06,Y
11-Apr-06,Y
12-Apr-06,Y
13-Apr-06,Y
14-Apr-06,Y
15-Apr-06,Y
16-Apr-06,Y
17-Apr-06,Y
18-Apr-06,Y
19-Apr-06,Y
20-Apr-06,Y
21-Apr-06,Y
22-Apr-06,Y
23-Apr-06,Y
24-Apr-06,Y
16-Mar-07,Y
17-Mar-07,Y
18-Mar-07,Y
19-Mar-07,Y
20-Mar-07,Y
21-Mar-07,Y
22-Mar-07,Y
23-Mar-07,Y
24-Mar-07,Y
25-Mar-07,Y
26-Mar-07,Y
27-Mar-07,Y
28-Mar-07,Y
29-Mar-07,Y
30-Mar-07,Y
31-Mar-07,Y
01-Apr-07,Y
02-Apr-07,Y
03-Apr-07,Y
04-Apr-07,Y
05-Apr-07,Y
06-Apr-07,Y
07-Apr-07,Y
08-Apr-07,Y
09-Apr-07,Y
10-Apr-07,Y
11-Apr-07,Y
12-Apr-07,Y
13-Apr-07,Y
14-Apr-07,Y
15-Apr-07,Y
16-Apr-07,Y
14-Mar-08,Y
15-Mar-08,Y
16-Mar-08,Y
17-Mar-08,Y
18-Mar-08,Y
19-Mar-08,Y
20-Mar-08,Y
21-Mar-08,Y
22-Mar-08,Y
23-Mar-08,Y
24-Mar-08,Y
25-Mar-08,Y
26-Mar-08,Y
27-Mar-08,Y
28-Mar-08,Y
29-Mar-08,Y
30-Mar-08,Y
31-Mar-08,Y
01-Apr-08,Y
02-Apr-08,Y
03-Apr-08,Y
04-Apr-08,Y
05-Apr-08,Y
06-Apr-08,Y
07-Apr-08,Y
08-Apr-08,Y
09-Apr-08,Y
10-Apr-08,Y
11-Apr-08,Y
12-Apr-08,Y
13-Apr-08,Y
14-Apr-08,Y
20-Apr-09,Y
19-Mar-10,Y
20-Mar-10,Y
21-Mar-10,Y
22-Mar-10,Y
23-Mar-10,Y
24-Mar-10,Y
25-Mar-10,Y
26-Mar-10,Y
27-Mar-10,Y
28-Mar-10,Y
29-Mar-10,Y
30-Mar-10,Y
31-Mar-10,Y
01-Apr-10,Y
02-Apr-10,Y
03-Apr-10,Y
04-Apr-10,Y
05-Apr-10,Y
06-Apr-10,Y
07-Apr-10,Y
08-Apr-10,Y
09-Apr-10,Y
10-Apr-10,Y
11-Apr-10,Y
12-Apr-10,Y
13-Apr-10,Y
14-Apr-10,Y
15-Apr-10,Y
16-Apr-10,Y
17-Apr-10,Y
18-Apr-10,Y
19-Apr-10,Y
01-Apr-11,Y
02-Apr-11,Y
03-Apr-11,Y
04-Apr-11,Y
05-Apr-11,Y
06-Apr-11,Y
07-Apr-11,Y
08-Apr-11,Y
09-Apr-11,Y
10-Apr-11,Y
11-Apr-11,Y
12-Apr-11,Y
13-Apr-11,Y
14-Apr-11,Y
15-Apr-11,Y
16-Apr-11,Y
17-Apr-11,Y
18-Apr-11,Y
19-Apr-11,Y
20-Apr-11,Y
21-Apr-11,Y
22-Apr-11,Y
23-Apr-11,Y
24-Apr-11,Y
25-Apr-11,Y
26-Apr-11,Y
27-Apr-11,Y
28-Apr-11,Y
29-Apr-11,Y
30-Apr-11,Y
01-May-11,Y
02-May-11,Y
16-Mar-12,Y
17-Mar-12,Y
18-Mar-12,Y
19-Mar-12,Y
20-Mar-12,Y
21-Mar-12,Y
22-Mar-12,Y
23-Mar-12,Y
24-Mar-12,Y
25-Mar-12,Y
26-Mar-12,Y
27-Mar-12,Y
28-Mar-12,Y
29-Mar-12,Y
30-Mar-12,Y
31-Mar-12,Y
01-Apr-12,Y
02-Apr-12,Y
03-Apr-12,Y
04-Apr-12,Y
05-Apr-12,Y
06-Apr-12,Y
07-Apr-12,Y
08-Apr-12,Y
09-Apr-12,Y
10-Apr-12,Y
11-Apr-12,Y
12-Apr-12,Y
13-Apr-12,Y
14-Apr-12,Y
15-Apr-12,Y
16-Apr-12,Y
15-Mar-13,Y
16-Mar-13,Y
17-Mar-13,Y
18-Mar-13,Y
19-Mar-13,Y
20-Mar-13,Y
21-Mar-13,Y
22-Mar-13,Y
23-Mar-13,Y
24-Mar-13,Y
25-Mar-13,Y
26-Mar-13,Y
27-Mar-13,Y
28-Mar-13,Y
29-Mar-13,Y
30-Mar-13,Y
31-Mar-13,Y
01-Apr-13,Y
02-Apr-13,Y
03-Apr-13,Y
04-Apr-13,Y
05-Apr-13,Y
06-Apr-13,Y
07-Apr-13,Y
08-Apr-13,Y
09-Apr-13,Y
10-Apr-13,Y
11-Apr-13,Y
12-Apr-13,Y
13-Apr-13,Y
14-Apr-13,Y
15-Apr-13,Y
28-Mar-14,Y
29-Mar-14,Y
30-Mar-14,Y
31-Mar-14,Y
01-Apr-14,Y
02-Apr-14,Y
03-Apr-14,Y
04-Apr-14,Y
05-Apr-14,Y
06-Apr-14,Y
07-Apr-14,Y
08-Apr-14,Y
09-Apr-14,Y
10-Apr-14,Y
11-Apr-14,Y
12-Apr-14,Y
13-Apr-14,Y
14-Apr-14,Y
15-Apr-14,Y
16-Apr-14,Y
17-Apr-14,Y
18-Apr-14,Y
19-Apr-14,Y
20-Apr-14,Y
21-Apr-14,Y
22-Apr-14,Y
23-Apr-14,Y
24-Apr-14,Y
25-Apr-14,Y
26-Apr-14,Y
27-Apr-14,Y
28-Apr-14,Y
20-Mar-15,Y
21-Mar-15,Y
22-Mar-15,Y
23-Mar-15,Y
24-Mar-15,Y
25-Mar-15,Y
26-Mar-15,Y
27-Mar-15,Y
28-Mar-15,Y
29-Mar-15,Y
30-Mar-15,Y
31-Mar-15,Y
01-Apr-15,Y
02-Apr-15,Y
03-Apr-15,Y
04-Apr-15,Y
05-Apr-15,Y
06-Apr-15,Y
07-Apr-15,Y
08-Apr-15,Y
09-Apr-15,Y
10-Apr-15,Y
11-Apr-15,Y
12-Apr-15,Y
13-Apr-15,Y
14-Apr-15,Y
15-Apr-15,Y
16-Apr-15,Y
17-Apr-15,Y
18-Apr-15,Y
19-Apr-15,Y
20-Apr-15,Y
18-Mar-16,Y
19-Mar-16,Y
20-Mar-16,Y
21-Mar-16,Y
22-Mar-16,Y
23-Mar-16,Y
24-Mar-16,Y
25-Mar-16,Y
26-Mar-16,Y
27-Mar-16,Y
28-Mar-16,Y
29-Mar-16,Y
30-Mar-16,Y
31-Mar-16,Y
01-Apr-16,Y
02-Apr-16,Y
03-Apr-16,Y
04-Apr-16,Y
05-Apr-16,Y
06-Apr-16,Y
07-Apr-16,Y
08-Apr-16,Y
09-Apr-16,Y
10-Apr-16,Y
11-Apr-16,Y
12-Apr-16,Y
13-Apr-16,Y
14-Apr-16,Y
15-Apr-16,Y
16-Apr-16,Y
17-Apr-16,Y
18-Apr-16,Y
24-Mar-17,Y
25-Mar-17,Y
26-Mar-17,Y
27-Mar-17,Y
28-Mar-17,Y
29-Mar-17,Y
30-Mar-17,Y
31-Mar-17,Y
01-Apr-17,Y
02-Apr-17,Y
03-Apr-17,Y
04-Apr-17,Y
05-Apr-17,Y
06-Apr-17,Y
07-Apr-17,Y
08-Apr-17,Y
09-Apr-17,Y
10-Apr-17,Y
11-Apr-17,Y
12-Apr-17,Y
13-Apr-17,Y
14-Apr-17,Y
15-Apr-17,Y
16-Apr-17,Y
17-Apr-17,Y
18-Apr-17,Y
19-Apr-17,Y
20-Apr-17,Y
21-Apr-17,Y
22-Apr-17,Y
23-Apr-17,Y
24-Apr-17,Y
17-Jun-05,Y
18-Jun-05,Y
19-Jun-05,Y
20-Jun-05,Y
21-Jun-05,Y
22-Jun-05,Y
23-Jun-05,Y
24-Jun-05,Y
25-Jun-05,Y
26-Jun-05,Y
27-Jun-05,Y
28-Jun-05,Y
29-Jun-05,Y
30-Jun-05,Y
01-Jul-05,Y
02-Jul-05,Y
03-Jul-05,Y
04-Jul-05,Y
05-Jul-05,Y
06-Jul-05,Y
07-Jul-05,Y
08-Jul-05,Y
09-Jul-05,Y
10-Jul-05,Y
11-Jul-05,Y
12-Jul-05,Y
13-Jul-05,Y
14-Jul-05,Y
15-Jul-05,Y
16-Jul-05,Y
17-Jul-05,Y
18-Jul-05,Y
19-Jul-05,Y
20-Jul-05,Y
21-Jul-05,Y
22-Jul-05,Y
23-Jul-05,Y
24-Jul-05,Y
25-Jul-05,Y
26-Jul-05,Y
27-Jul-05,Y
28-Jul-05,Y
29-Jul-05,Y
30-Jul-05,Y
31-Jul-05,Y
01-Aug-05,Y
02-Aug-05,Y
03-Aug-05,Y
04-Aug-05,Y
05-Aug-05,Y
06-Aug-05,Y
07-Aug-05,Y
08-Aug-05,Y
09-Aug-05,Y
10-Aug-05,Y
11-Aug-05,Y
12-Aug-05,Y
13-Aug-05,Y
14-Aug-05,Y
15-Aug-05,Y
16-Aug-05,Y
17-Aug-05,Y
18-Aug-05,Y
19-Aug-05,Y
20-Aug-05,Y
21-Aug-05,Y
22-Aug-05,Y
23-Aug-05,Y
24-Aug-05,Y
25-Aug-05,Y
26-Aug-05,Y
27-Aug-05,Y
28-Aug-05,Y
29-Aug-05,Y
30-Aug-05,Y
31-Aug-05,Y
01-Sep-05,Y
02-Sep-05,Y
03-Sep-05,Y
04-Sep-05,Y
05-Sep-05,Y
06-Sep-05,Y
07-Sep-05,Y
08-Sep-05,Y
09-Sep-05,Y
10-Sep-05,Y
11-Sep-05,Y
12-Sep-05,Y
13-Sep-05,Y
14-Sep-05,Y
15-Sep-05,Y
16-Sep-05,Y
17-Sep-05,Y
18-Sep-05,Y
19-Sep-05,Y
20-Sep-05,Y
21-Sep-05,Y
16-Jun-06,Y
17-Jun-06,Y
18-Jun-06,Y
19-Jun-06,Y
20-Jun-06,Y
21-Jun-06,Y
22-Jun-06,Y
23-Jun-06,Y
24-Jun-06,Y
25-Jun-06,Y
26-Jun-06,Y
27-Jun-06,Y
28-Jun-06,Y
29-Jun-06,Y
30-Jun-06,Y
01-Jul-06,Y
02-Jul-06,Y
03-Jul-06,Y
04-Jul-06,Y
05-Jul-06,Y
06-Jul-06,Y
07-Jul-06,Y
08-Jul-06,Y
09-Jul-06,Y
10-Jul-06,Y
11-Jul-06,Y
12-Jul-06,Y
13-Jul-06,Y
14-Jul-06,Y
15-Jul-06,Y
16-Jul-06,Y
17-Jul-06,Y
18-Jul-06,Y
19-Jul-06,Y
20-Jul-06,Y
21-Jul-06,Y
22-Jul-06,Y
23-Jul-06,Y
24-Jul-06,Y
25-Jul-06,Y
26-Jul-06,Y
27-Jul-06,Y
28-Jul-06,Y
29-Jul-06,Y
30-Jul-06,Y
31-Jul-06,Y
01-Aug-06,Y
02-Aug-06,Y
03-Aug-06,Y
04-Aug-06,Y
05-Aug-06,Y
06-Aug-06,Y
07-Aug-06,Y
08-Aug-06,Y
09-Aug-06,Y
10-Aug-06,Y
11-Aug-06,Y
12-Aug-06,Y
13-Aug-06,Y
14-Aug-06,Y
15-Aug-06,Y
16-Aug-06,Y
17-Aug-06,Y
18-Aug-06,Y
19-Aug-06,Y
20-Aug-06,Y
21-Aug-06,Y
22-Aug-06,Y
23-Aug-06,Y
24-Aug-06,Y
25-Aug-06,Y
26-Aug-06,Y
27-Aug-06,Y
28-Aug-06,Y
29-Aug-06,Y
30-Aug-06,Y
31-Aug-06,Y
01-Sep-06,Y
02-Sep-06,Y
03-Sep-06,Y
04-Sep-06,Y
05-Sep-06,Y
06-Sep-06,Y
07-Sep-06,Y
08-Sep-06,Y
09-Sep-06,Y
10-Sep-06,Y
11-Sep-06,Y
12-Sep-06,Y
13-Sep-06,Y
14-Sep-06,Y
15-Sep-06,Y
16-Sep-06,Y
17-Sep-06,Y
18-Sep-06,Y
19-Sep-06,Y
20-Sep-06,Y
15-Jun-07,Y
16-Jun-07,Y
17-Jun-07,Y
18-Jun-07,Y
19-Jun-07,Y
20-Jun-07,Y
21-Jun-07,Y
22-Jun-07,Y
23-Jun-07,Y
24-Jun-07,Y
25-Jun-07,Y
26-Jun-07,Y
27-Jun-07,Y
28-Jun-07,Y
29-Jun-07,Y
30-Jun-07,Y
01-Jul-07,Y
02-Jul-07,Y
03-Jul-07,Y
04-Jul-07,Y
05-Jul-07,Y
06-Jul-07,Y
07-Jul-07,Y
08-Jul-07,Y
09-Jul-07,Y
10-Jul-07,Y
11-Jul-07,Y
12-Jul-07,Y
13-Jul-07,Y
14-Jul-07,Y
15-Jul-07,Y
16-Jul-07,Y
17-Jul-07,Y
18-Jul-07,Y
19-Jul-07,Y
20-Jul-07,Y
21-Jul-07,Y
22-Jul-07,Y
23-Jul-07,Y
24-Jul-07,Y
25-Jul-07,Y
26-Jul-07,Y
27-Jul-07,Y
28-Jul-07,Y
29-Jul-07,Y
30-Jul-07,Y
31-Jul-07,Y
01-Aug-07,Y
02-Aug-07,Y
03-Aug-07,Y
04-Aug-07,Y
05-Aug-07,Y
06-Aug-07,Y
07-Aug-07,Y
08-Aug-07,Y
09-Aug-07,Y
10-Aug-07,Y
11-Aug-07,Y
12-Aug-07,Y
13-Aug-07,Y
14-Aug-07,Y
15-Aug-07,Y
16-Aug-07,Y
17-Aug-07,Y
18-Aug-07,Y
19-Aug-07,Y
20-Aug-07,Y
21-Aug-07,Y
22-Aug-07,Y
23-Aug-07,Y
24-Aug-07,Y
25-Aug-07,Y
26-Aug-07,Y
27-Aug-07,Y
28-Aug-07,Y
29-Aug-07,Y
30-Aug-07,Y
31-Aug-07,Y
01-Sep-07,Y
02-Sep-07,Y
03-Sep-07,Y
04-Sep-07,Y
05-Sep-07,Y
06-Sep-07,Y
07-Sep-07,Y
08-Sep-07,Y
09-Sep-07,Y
10-Sep-07,Y
11-Sep-07,Y
12-Sep-07,Y
13-Sep-07,Y
14-Sep-07,Y
15-Sep-07,Y
16-Sep-07,Y
17-Sep-07,Y
18-Sep-07,Y
19-Sep-07,Y
13-Jun-08,Y
14-Jun-08,Y
15-Jun-08,Y
16-Jun-08,Y
17-Jun-08,Y
18-Jun-08,Y
19-Jun-08,Y
20-Jun-08,Y
21-Jun-08,Y
22-Jun-08,Y
23-Jun-08,Y
24-Jun-08,Y
25-Jun-08,Y
26-Jun-08,Y
27-Jun-08,Y
28-Jun-08,Y
29-Jun-08,Y
30-Jun-08,Y
01-Jul-08,Y
02-Jul-08,Y
03-Jul-08,Y
04-Jul-08,Y
05-Jul-08,Y
06-Jul-08,Y
07-Jul-08,Y
08-Jul-08,Y
09-Jul-08,Y
10-Jul-08,Y
11-Jul-08,Y
12-Jul-08,Y
13-Jul-08,Y
14-Jul-08,Y
15-Jul-08,Y
16-Jul-08,Y
17-Jul-08,Y
18-Jul-08,Y
19-Jul-08,Y
20-Jul-08,Y
21-Jul-08,Y
22-Jul-08,Y
23-Jul-08,Y
24-Jul-08,Y
25-Jul-08,Y
26-Jul-08,Y
27-Jul-08,Y
28-Jul-08,Y
29-Jul-08,Y
30-Jul-08,Y
31-Jul-08,Y
01-Aug-08,Y
02-Aug-08,Y
03-Aug-08,Y
04-Aug-08,Y
05-Aug-08,Y
06-Aug-08,Y
07-Aug-08,Y
08-Aug-08,Y
09-Aug-08,Y
10-Aug-08,Y
11-Aug-08,Y
12-Aug-08,Y
13-Aug-08,Y
14-Aug-08,Y
15-Aug-08,Y
16-Aug-08,Y
17-Aug-08,Y
18-Aug-08,Y
19-Aug-08,Y
20-Aug-08,Y
21-Aug-08,Y
22-Aug-08,Y
23-Aug-08,Y
24-Aug-08,Y
25-Aug-08,Y
26-Aug-08,Y
27-Aug-08,Y
28-Aug-08,Y
29-Aug-08,Y
30-Aug-08,Y
31-Aug-08,Y
01-Sep-08,Y
02-Sep-08,Y
03-Sep-08,Y
04-Sep-08,Y
05-Sep-08,Y
06-Sep-08,Y
07-Sep-08,Y
08-Sep-08,Y
09-Sep-08,Y
10-Sep-08,Y
11-Sep-08,Y
12-Sep-08,Y
13-Sep-08,Y
14-Sep-08,Y
15-Sep-08,Y
16-Sep-08,Y
17-Sep-08,Y
18-Sep-08,Y
19-Sep-08,Y
20-Sep-08,Y
21-Sep-08,Y
22-Sep-08,Y
23-Sep-08,Y
24-Sep-08,Y
19-Jun-09,Y
20-Jun-09,Y
21-Jun-09,Y
22-Jun-09,Y
23-Jun-09,Y
24-Jun-09,Y
25-Jun-09,Y
26-Jun-09,Y
27-Jun-09,Y
28-Jun-09,Y
29-Jun-09,Y
30-Jun-09,Y
01-Jul-09,Y
02-Jul-09,Y
03-Jul-09,Y
04-Jul-09,Y
05-Jul-09,Y
06-Jul-09,Y
07-Jul-09,Y
08-Jul-09,Y
09-Jul-09,Y
10-Jul-09,Y
11-Jul-09,Y
12-Jul-09,Y
13-Jul-09,Y
14-Jul-09,Y
15-Jul-09,Y
16-Jul-09,Y
17-Jul-09,Y
18-Jul-09,Y
19-Jul-09,Y
20-Jul-09,Y
21-Jul-09,Y
22-Jul-09,Y
23-Jul-09,Y
24-Jul-09,Y
25-Jul-09,Y
26-Jul-09,Y
27-Jul-09,Y
28-Jul-09,Y
29-Jul-09,Y
30-Jul-09,Y
31-Jul-09,Y
01-Aug-09,Y
02-Aug-09,Y
03-Aug-09,Y
04-Aug-09,Y
05-Aug-09,Y
06-Aug-09,Y
07-Aug-09,Y
08-Aug-09,Y
09-Aug-09,Y
10-Aug-09,Y
11-Aug-09,Y
12-Aug-09,Y
13-Aug-09,Y
14-Aug-09,Y
15-Aug-09,Y
16-Aug-09,Y
17-Aug-09,Y
18-Aug-09,Y
19-Aug-09,Y
20-Aug-09,Y
21-Aug-09,Y
22-Aug-09,Y
23-Aug-09,Y
24-Aug-09,Y
25-Aug-09,Y
26-Aug-09,Y
27-Aug-09,Y
28-Aug-09,Y
29-Aug-09,Y
30-Aug-09,Y
31-Aug-09,Y
01-Sep-09,Y
02-Sep-09,Y
03-Sep-09,Y
04-Sep-09,Y
05-Sep-09,Y
06-Sep-09,Y
07-Sep-09,Y
08-Sep-09,Y
09-Sep-09,Y
10-Sep-09,Y
11-Sep-09,Y
12-Sep-09,Y
13-Sep-09,Y
14-Sep-09,Y
15-Sep-09,Y
16-Sep-09,Y
17-Sep-09,Y
18-Sep-09,Y
19-Sep-09,Y
20-Sep-09,Y
21-Sep-09,Y
22-Sep-09,Y
23-Sep-09,Y
18-Jun-10,Y
19-Jun-10,Y
20-Jun-10,Y
21-Jun-10,Y
22-Jun-10,Y
23-Jun-10,Y
24-Jun-10,Y
25-Jun-10,Y
26-Jun-10,Y
27-Jun-10,Y
28-Jun-10,Y
29-Jun-10,Y
30-Jun-10,Y
01-Jul-10,Y
02-Jul-10,Y
03-Jul-10,Y
04-Jul-10,Y
05-Jul-10,Y
06-Jul-10,Y
07-Jul-10,Y
08-Jul-10,Y
09-Jul-10,Y
10-Jul-10,Y
11-Jul-10,Y
12-Jul-10,Y
13-Jul-10,Y
14-Jul-10,Y
15-Jul-10,Y
16-Jul-10,Y
17-Jul-10,Y
18-Jul-10,Y
19-Jul-10,Y
20-Jul-10,Y
21-Jul-10,Y
22-Jul-10,Y
23-Jul-10,Y
24-Jul-10,Y
25-Jul-10,Y
26-Jul-10,Y
27-Jul-10,Y
28-Jul-10,Y
29-Jul-10,Y
30-Jul-10,Y
31-Jul-10,Y
01-Aug-10,Y
02-Aug-10,Y
03-Aug-10,Y
04-Aug-10,Y
05-Aug-10,Y
06-Aug-10,Y
07-Aug-10,Y
08-Aug-10,Y
09-Aug-10,Y
10-Aug-10,Y
11-Aug-10,Y
12-Aug-10,Y
13-Aug-10,Y
14-Aug-10,Y
15-Aug-10,Y
16-Aug-10,Y
17-Aug-10,Y
18-Aug-10,Y
19-Aug-10,Y
20-Aug-10,Y
21-Aug-10,Y
22-Aug-10,Y
23-Aug-10,Y
24-Aug-10,Y
25-Aug-10,Y
26-Aug-10,Y
27-Aug-10,Y
28-Aug-10,Y
29-Aug-10,Y
30-Aug-10,Y
31-Aug-10,Y
01-Sep-10,Y
02-Sep-10,Y
03-Sep-10,Y
04-Sep-10,Y
05-Sep-10,Y
06-Sep-10,Y
07-Sep-10,Y
08-Sep-10,Y
09-Sep-10,Y
10-Sep-10,Y
11-Sep-10,Y
12-Sep-10,Y
13-Sep-10,Y
14-Sep-10,Y
15-Sep-10,Y
16-Sep-10,Y
17-Sep-10,Y
18-Sep-10,Y
19-Sep-10,Y
20-Sep-10,Y
21-Sep-10,Y
22-Sep-10,Y
17-Jun-11,Y
18-Jun-11,Y
19-Jun-11,Y
20-Jun-11,Y
21-Jun-11,Y
22-Jun-11,Y
23-Jun-11,Y
24-Jun-11,Y
25-Jun-11,Y
26-Jun-11,Y
27-Jun-11,Y
28-Jun-11,Y
29-Jun-11,Y
30-Jun-11,Y
01-Jul-11,Y
02-Jul-11,Y
03-Jul-11,Y
04-Jul-11,Y
05-Jul-11,Y
06-Jul-11,Y
07-Jul-11,Y
08-Jul-11,Y
09-Jul-11,Y
10-Jul-11,Y
11-Jul-11,Y
12-Jul-11,Y
13-Jul-11,Y
14-Jul-11,Y
15-Jul-11,Y
16-Jul-11,Y
17-Jul-11,Y
18-Jul-11,Y
19-Jul-11,Y
20-Jul-11,Y
21-Jul-11,Y
22-Jul-11,Y
23-Jul-11,Y
24-Jul-11,Y
25-Jul-11,Y
26-Jul-11,Y
27-Jul-11,Y
28-Jul-11,Y
29-Jul-11,Y
30-Jul-11,Y
31-Jul-11,Y
01-Aug-11,Y
02-Aug-11,Y
03-Aug-11,Y
04-Aug-11,Y
05-Aug-11,Y
06-Aug-11,Y
07-Aug-11,Y
08-Aug-11,Y
09-Aug-11,Y
10-Aug-11,Y
11-Aug-11,Y
12-Aug-11,Y
13-Aug-11,Y
14-Aug-11,Y
15-Aug-11,Y
16-Aug-11,Y
17-Aug-11,Y
18-Aug-11,Y
19-Aug-11,Y
20-Aug-11,Y
21-Aug-11,Y
22-Aug-11,Y
23-Aug-11,Y
24-Aug-11,Y
25-Aug-11,Y
26-Aug-11,Y
27-Aug-11,Y
28-Aug-11,Y
29-Aug-11,Y
30-Aug-11,Y
31-Aug-11,Y
01-Sep-11,Y
02-Sep-11,Y
03-Sep-11,Y
04-Sep-11,Y
05-Sep-11,Y
06-Sep-11,Y
07-Sep-11,Y
08-Sep-11,Y
09-Sep-11,Y
10-Sep-11,Y
11-Sep-11,Y
12-Sep-11,Y
13-Sep-11,Y
14-Sep-11,Y
15-Sep-11,Y
16-Sep-11,Y
17-Sep-11,Y
18-Sep-11,Y
19-Sep-11,Y
20-Sep-11,Y
21-Sep-11,Y
15-Jun-12,Y
16-Jun-12,Y
17-Jun-12,Y
18-Jun-12,Y
19-Jun-12,Y
20-Jun-12,Y
21-Jun-12,Y
22-Jun-12,Y
23-Jun-12,Y
24-Jun-12,Y
25-Jun-12,Y
26-Jun-12,Y
27-Jun-12,Y
28-Jun-12,Y
29-Jun-12,Y
30-Jun-12,Y
01-Jul-12,Y
02-Jul-12,Y
03-Jul-12,Y
04-Jul-12,Y
05-Jul-12,Y
06-Jul-12,Y
07-Jul-12,Y
08-Jul-12,Y
09-Jul-12,Y
10-Jul-12,Y
11-Jul-12,Y
12-Jul-12,Y
13-Jul-12,Y
14-Jul-12,Y
15-Jul-12,Y
16-Jul-12,Y
17-Jul-12,Y
18-Jul-12,Y
19-Jul-12,Y
20-Jul-12,Y
21-Jul-12,Y
22-Jul-12,Y
23-Jul-12,Y
24-Jul-12,Y
25-Jul-12,Y
26-Jul-12,Y
27-Jul-12,Y
28-Jul-12,Y
29-Jul-12,Y
30-Jul-12,Y
31-Jul-12,Y
01-Aug-12,Y
02-Aug-12,Y
03-Aug-12,Y
04-Aug-12,Y
05-Aug-12,Y
06-Aug-12,Y
07-Aug-12,Y
08-Aug-12,Y
09-Aug-12,Y
10-Aug-12,Y
11-Aug-12,Y
12-Aug-12,Y
13-Aug-12,Y
14-Aug-12,Y
15-Aug-12,Y
16-Aug-12,Y
17-Aug-12,Y
18-Aug-12,Y
19-Aug-12,Y
20-Aug-12,Y
21-Aug-12,Y
22-Aug-12,Y
23-Aug-12,Y
24-Aug-12,Y
25-Aug-12,Y
26-Aug-12,Y
27-Aug-12,Y
28-Aug-12,Y
29-Aug-12,Y
30-Aug-12,Y
31-Aug-12,Y
01-Sep-12,Y
02-Sep-12,Y
03-Sep-12,Y
04-Sep-12,Y
05-Sep-12,Y
06-Sep-12,Y
07-Sep-12,Y
08-Sep-12,Y
09-Sep-12,Y
10-Sep-12,Y
11-Sep-12,Y
12-Sep-12,Y
13-Sep-12,Y
14-Sep-12,Y
15-Sep-12,Y
16-Sep-12,Y
17-Sep-12,Y
18-Sep-12,Y
19-Sep-12,Y
14-Jun-13,Y
15-Jun-13,Y
16-Jun-13,Y
17-Jun-13,Y
18-Jun-13,Y
19-Jun-13,Y
20-Jun-13,Y
21-Jun-13,Y
22-Jun-13,Y
23-Jun-13,Y
24-Jun-13,Y
25-Jun-13,Y
26-Jun-13,Y
27-Jun-13,Y
28-Jun-13,Y
29-Jun-13,Y
30-Jun-13,Y
01-Jul-13,Y
02-Jul-13,Y
03-Jul-13,Y
04-Jul-13,Y
05-Jul-13,Y
06-Jul-13,Y
07-Jul-13,Y
08-Jul-13,Y
09-Jul-13,Y
10-Jul-13,Y
11-Jul-13,Y
12-Jul-13,Y
13-Jul-13,Y
14-Jul-13,Y
15-Jul-13,Y
16-Jul-13,Y
17-Jul-13,Y
18-Jul-13,Y
19-Jul-13,Y
20-Jul-13,Y
21-Jul-13,Y
22-Jul-13,Y
23-Jul-13,Y
24-Jul-13,Y
25-Jul-13,Y
26-Jul-13,Y
27-Jul-13,Y
28-Jul-13,Y
29-Jul-13,Y
30-Jul-13,Y
31-Jul-13,Y
01-Aug-13,Y
02-Aug-13,Y
03-Aug-13,Y
04-Aug-13,Y
05-Aug-13,Y
06-Aug-13,Y
07-Aug-13,Y
08-Aug-13,Y
09-Aug-13,Y
10-Aug-13,Y
11-Aug-13,Y
12-Aug-13,Y
13-Aug-13,Y
14-Aug-13,Y
15-Aug-13,Y
16-Aug-13,Y
17-Aug-13,Y
18-Aug-13,Y
19-Aug-13,Y
20-Aug-13,Y
21-Aug-13,Y
22-Aug-13,Y
23-Aug-13,Y
24-Aug-13,Y
25-Aug-13,Y
26-Aug-13,Y
27-Aug-13,Y
28-Aug-13,Y
29-Aug-13,Y
30-Aug-13,Y
31-Aug-13,Y
01-Sep-13,Y
02-Sep-13,Y
03-Sep-13,Y
04-Sep-13,Y
05-Sep-13,Y
06-Sep-13,Y
07-Sep-13,Y
08-Sep-13,Y
09-Sep-13,Y
10-Sep-13,Y
11-Sep-13,Y
12-Sep-13,Y
13-Sep-13,Y
14-Sep-13,Y
15-Sep-13,Y
20-Jun-14,Y
21-Jun-14,Y
22-Jun-14,Y
23-Jun-14,Y
24-Jun-14,Y
25-Jun-14,Y
26-Jun-14,Y
27-Jun-14,Y
28-Jun-14,Y
29-Jun-14,Y
30-Jun-14,Y
01-Jul-14,Y
02-Jul-14,Y
03-Jul-14,Y
04-Jul-14,Y
05-Jul-14,Y
06-Jul-14,Y
07-Jul-14,Y
08-Jul-14,Y
09-Jul-14,Y
10-Jul-14,Y
11-Jul-14,Y
12-Jul-14,Y
13-Jul-14,Y
14-Jul-14,Y
15-Jul-14,Y
16-Jul-14,Y
17-Jul-14,Y
18-Jul-14,Y
19-Jul-14,Y
20-Jul-14,Y
21-Jul-14,Y
22-Jul-14,Y
23-Jul-14,Y
24-Jul-14,Y
25-Jul-14,Y
26-Jul-14,Y
27-Jul-14,Y
28-Jul-14,Y
29-Jul-14,Y
30-Jul-14,Y
31-Jul-14,Y
01-Aug-14,Y
02-Aug-14,Y
03-Aug-14,Y
04-Aug-14,Y
05-Aug-14,Y
06-Aug-14,Y
07-Aug-14,Y
08-Aug-14,Y
09-Aug-14,Y
10-Aug-14,Y
11-Aug-14,Y
12-Aug-14,Y
13-Aug-14,Y
14-Aug-14,Y
15-Aug-14,Y
16-Aug-14,Y
17-Aug-14,Y
18-Aug-14,Y
19-Aug-14,Y
20-Aug-14,Y
21-Aug-14,Y
22-Aug-14,Y
23-Aug-14,Y
24-Aug-14,Y
25-Aug-14,Y
26-Aug-14,Y
27-Aug-14,Y
28-Aug-14,Y
29-Aug-14,Y
30-Aug-14,Y
31-Aug-14,Y
01-Sep-14,Y
02-Sep-14,Y
03-Sep-14,Y
04-Sep-14,Y
05-Sep-14,Y
06-Sep-14,Y
07-Sep-14,Y
08-Sep-14,Y
09-Sep-14,Y
10-Sep-14,Y
11-Sep-14,Y
12-Sep-14,Y
13-Sep-14,Y
14-Sep-14,Y
15-Sep-14,Y
16-Sep-14,Y
17-Sep-14,Y
18-Sep-14,Y
19-Sep-14,Y
20-Sep-14,Y
21-Sep-14,Y
22-Sep-14,Y
23-Sep-14,Y
24-Sep-14,Y
19-Jun-15,Y
20-Jun-15,Y
21-Jun-15,Y
22-Jun-15,Y
23-Jun-15,Y
24-Jun-15,Y
25-Jun-15,Y
26-Jun-15,Y
27-Jun-15,Y
28-Jun-15,Y
29-Jun-15,Y
30-Jun-15,Y
01-Jul-15,Y
02-Jul-15,Y
03-Jul-15,Y
04-Jul-15,Y
05-Jul-15,Y
06-Jul-15,Y
07-Jul-15,Y
08-Jul-15,Y
09-Jul-15,Y
10-Jul-15,Y
11-Jul-15,Y
12-Jul-15,Y
13-Jul-15,Y
14-Jul-15,Y
15-Jul-15,Y
16-Jul-15,Y
17-Jul-15,Y
18-Jul-15,Y
19-Jul-15,Y
20-Jul-15,Y
21-Jul-15,Y
22-Jul-15,Y
23-Jul-15,Y
24-Jul-15,Y
25-Jul-15,Y
26-Jul-15,Y
27-Jul-15,Y
28-Jul-15,Y
29-Jul-15,Y
30-Jul-15,Y
31-Jul-15,Y
01-Aug-15,Y
02-Aug-15,Y
03-Aug-15,Y
04-Aug-15,Y
05-Aug-15,Y
06-Aug-15,Y
07-Aug-15,Y
08-Aug-15,Y
09-Aug-15,Y
10-Aug-15,Y
11-Aug-15,Y
12-Aug-15,Y
13-Aug-15,Y
14-Aug-15,Y
15-Aug-15,Y
16-Aug-15,Y
17-Aug-15,Y
18-Aug-15,Y
19-Aug-15,Y
20-Aug-15,Y
21-Aug-15,Y
22-Aug-15,Y
23-Aug-15,Y
24-Aug-15,Y
25-Aug-15,Y
26-Aug-15,Y
27-Aug-15,Y
28-Aug-15,Y
29-Aug-15,Y
30-Aug-15,Y
31-Aug-15,Y
01-Sep-15,Y
02-Sep-15,Y
03-Sep-15,Y
04-Sep-15,Y
05-Sep-15,Y
06-Sep-15,Y
07-Sep-15,Y
08-Sep-15,Y
09-Sep-15,Y
10-Sep-15,Y
11-Sep-15,Y
12-Sep-15,Y
13-Sep-15,Y
14-Sep-15,Y
15-Sep-15,Y
16-Sep-15,Y
17-Sep-15,Y
18-Sep-15,Y
19-Sep-15,Y
20-Sep-15,Y
21-Sep-15,Y
22-Sep-15,Y
23-Sep-15,Y
17-Jun-16,Y
18-Jun-16,Y
19-Jun-16,Y
20-Jun-16,Y
21-Jun-16,Y
22-Jun-16,Y
23-Jun-16,Y
24-Jun-16,Y
25-Jun-16,Y
26-Jun-16,Y
27-Jun-16,Y
28-Jun-16,Y
29-Jun-16,Y
30-Jun-16,Y
01-Jul-16,Y
02-Jul-16,Y
03-Jul-16,Y
04-Jul-16,Y
05-Jul-16,Y
06-Jul-16,Y
07-Jul-16,Y
08-Jul-16,Y
09-Jul-16,Y
10-Jul-16,Y
11-Jul-16,Y
12-Jul-16,Y
13-Jul-16,Y
14-Jul-16,Y
15-Jul-16,Y
16-Jul-16,Y
17-Jul-16,Y
18-Jul-16,Y
19-Jul-16,Y
20-Jul-16,Y
21-Jul-16,Y
22-Jul-16,Y
23-Jul-16,Y
24-Jul-16,Y
25-Jul-16,Y
26-Jul-16,Y
27-Jul-16,Y
28-Jul-16,Y
29-Jul-16,Y
30-Jul-16,Y
31-Jul-16,Y
01-Aug-16,Y
02-Aug-16,Y
03-Aug-16,Y
04-Aug-16,Y
05-Aug-16,Y
06-Aug-16,Y
07-Aug-16,Y
08-Aug-16,Y
09-Aug-16,Y
10-Aug-16,Y
11-Aug-16,Y
12-Aug-16,Y
13-Aug-16,Y
14-Aug-16,Y
15-Aug-16,Y
16-Aug-16,Y
17-Aug-16,Y
18-Aug-16,Y
19-Aug-16,Y
20-Aug-16,Y
21-Aug-16,Y
22-Aug-16,Y
23-Aug-16,Y
24-Aug-16,Y
25-Aug-16,Y
26-Aug-16,Y
27-Aug-16,Y
28-Aug-16,Y
29-Aug-16,Y
30-Aug-16,Y
31-Aug-16,Y
01-Sep-16,Y
02-Sep-16,Y
03-Sep-16,Y
04-Sep-16,Y
05-Sep-16,Y
06-Sep-16,Y
07-Sep-16,Y
08-Sep-16,Y
09-Sep-16,Y
10-Sep-16,Y
11-Sep-16,Y
12-Sep-16,Y
13-Sep-16,Y
14-Sep-16,Y
15-Sep-16,Y
16-Sep-16,Y
17-Sep-16,Y
18-Sep-16,Y
19-Sep-16,Y
20-Sep-16,Y
21-Sep-16,Y
